-- phpMyAdmin SQL Dump
-- version 5.2.1
-- https://www.phpmyadmin.net/
--
-- Host: 127.0.0.1
-- Generation Time: Jan 18, 2026 at 08:38 AM
-- Server version: 10.4.32-MariaDB
-- PHP Version: 8.2.12

SET SQL_MODE = "NO_AUTO_VALUE_ON_ZERO";
START TRANSACTION;
SET time_zone = "+00:00";


/*!40101 SET @OLD_CHARACTER_SET_CLIENT=@@CHARACTER_SET_CLIENT */;
/*!40101 SET @OLD_CHARACTER_SET_RESULTS=@@CHARACTER_SET_RESULTS */;
/*!40101 SET @OLD_COLLATION_CONNECTION=@@COLLATION_CONNECTION */;
/*!40101 SET NAMES utf8mb4 */;

--
-- Database: `sms_db`
--

-- --------------------------------------------------------

--
-- Table structure for table `attendance`
--

CREATE TABLE `attendance` (
  `id` int(11) NOT NULL,
  `user_id` int(11) DEFAULT NULL,
  `date` date NOT NULL,
  `status` enum('Present','Absent','Leave') DEFAULT NULL
) ENGINE=InnoDB DEFAULT CHARSET=utf8mb4 COLLATE=utf8mb4_general_ci;

--
-- Dumping data for table `attendance`
--

INSERT INTO `attendance` (`id`, `user_id`, `date`, `status`) VALUES
(1, 2, '2026-01-17', 'Present'),
(2, 2, '2026-01-18', 'Present'),
(3, 3, '2026-01-17', 'Present'),
(4, 3, '2026-01-18', 'Present'),
(5, 4, '2026-01-17', 'Present'),
(6, 4, '2026-01-18', 'Present'),
(7, 5, '2026-01-17', 'Present'),
(8, 5, '2026-01-18', 'Present'),
(9, 6, '2026-01-17', 'Present'),
(10, 6, '2026-01-18', 'Present'),
(11, 7, '2026-01-17', 'Present'),
(12, 7, '2026-01-18', 'Present'),
(13, 8, '2026-01-17', 'Present'),
(14, 8, '2026-01-18', 'Present'),
(15, 9, '2026-01-17', 'Present'),
(16, 9, '2026-01-18', 'Present'),
(17, 10, '2026-01-17', 'Present'),
(18, 10, '2026-01-18', 'Present'),
(19, 11, '2026-01-17', 'Present'),
(20, 11, '2026-01-18', 'Present'),
(21, 12, '2026-01-17', 'Present'),
(22, 12, '2026-01-18', 'Present'),
(23, 13, '2026-01-17', 'Present'),
(24, 13, '2026-01-18', 'Present'),
(25, 14, '2026-01-17', 'Present'),
(26, 14, '2026-01-18', 'Present'),
(27, 15, '2026-01-17', 'Present'),
(28, 15, '2026-01-18', 'Present'),
(29, 17, '2026-01-17', 'Present'),
(30, 17, '2026-01-18', 'Present'),
(31, 18, '2026-01-17', 'Present'),
(32, 18, '2026-01-18', 'Present'),
(33, 19, '2026-01-17', 'Present'),
(34, 19, '2026-01-18', 'Present'),
(35, 20, '2026-01-17', 'Present'),
(36, 20, '2026-01-18', 'Present'),
(37, 21, '2026-01-17', 'Present'),
(38, 21, '2026-01-18', 'Present'),
(39, 22, '2026-01-17', 'Present'),
(40, 22, '2026-01-18', 'Present'),
(41, 23, '2026-01-17', 'Present'),
(42, 23, '2026-01-18', 'Present'),
(43, 24, '2026-01-17', 'Present'),
(44, 24, '2026-01-18', 'Present'),
(45, 25, '2026-01-17', 'Present'),
(46, 25, '2026-01-18', 'Present'),
(47, 26, '2026-01-17', 'Present'),
(48, 26, '2026-01-18', 'Present'),
(49, 27, '2026-01-17', 'Present'),
(50, 27, '2026-01-18', 'Present'),
(51, 28, '2026-01-17', 'Present'),
(52, 28, '2026-01-18', 'Present'),
(53, 29, '2026-01-17', 'Present'),
(54, 29, '2026-01-18', 'Present'),
(55, 30, '2026-01-17', 'Present'),
(56, 30, '2026-01-18', 'Present'),
(57, 32, '2026-01-17', 'Present'),
(58, 32, '2026-01-18', 'Present'),
(59, 33, '2026-01-17', 'Present'),
(60, 33, '2026-01-18', 'Present'),
(61, 34, '2026-01-17', 'Present'),
(62, 34, '2026-01-18', 'Present'),
(63, 35, '2026-01-17', 'Present'),
(64, 35, '2026-01-18', 'Present'),
(65, 36, '2026-01-17', 'Present'),
(66, 36, '2026-01-18', 'Present'),
(67, 37, '2026-01-17', 'Present'),
(68, 37, '2026-01-18', 'Present'),
(69, 38, '2026-01-17', 'Present'),
(70, 38, '2026-01-18', 'Present'),
(71, 39, '2026-01-17', 'Present'),
(72, 39, '2026-01-18', 'Present'),
(73, 40, '2026-01-17', 'Present'),
(74, 40, '2026-01-18', 'Present'),
(75, 41, '2026-01-17', 'Present'),
(76, 41, '2026-01-18', 'Present'),
(77, 42, '2026-01-17', 'Present'),
(78, 42, '2026-01-18', 'Present'),
(79, 43, '2026-01-17', 'Present'),
(80, 43, '2026-01-18', 'Present'),
(81, 44, '2026-01-17', 'Present'),
(82, 44, '2026-01-18', 'Present'),
(83, 45, '2026-01-17', 'Present'),
(84, 45, '2026-01-18', 'Present'),
(85, 47, '2026-01-17', 'Present'),
(86, 47, '2026-01-18', 'Present'),
(87, 48, '2026-01-17', 'Present'),
(88, 48, '2026-01-18', 'Present'),
(89, 49, '2026-01-17', 'Present'),
(90, 49, '2026-01-18', 'Present'),
(91, 50, '2026-01-17', 'Present'),
(92, 50, '2026-01-18', 'Present'),
(93, 51, '2026-01-17', 'Present'),
(94, 51, '2026-01-18', 'Present'),
(95, 52, '2026-01-17', 'Present'),
(96, 52, '2026-01-18', 'Present'),
(97, 53, '2026-01-17', 'Present'),
(98, 53, '2026-01-18', 'Present'),
(99, 54, '2026-01-17', 'Present'),
(100, 54, '2026-01-18', 'Present'),
(101, 55, '2026-01-17', 'Present'),
(102, 55, '2026-01-18', 'Present'),
(103, 56, '2026-01-17', 'Present'),
(104, 56, '2026-01-18', 'Present'),
(105, 57, '2026-01-17', 'Present'),
(106, 57, '2026-01-18', 'Present'),
(107, 58, '2026-01-17', 'Present'),
(108, 58, '2026-01-18', 'Present'),
(109, 59, '2026-01-17', 'Present'),
(110, 59, '2026-01-18', 'Present'),
(111, 60, '2026-01-17', 'Present'),
(112, 60, '2026-01-18', 'Present'),
(113, 62, '2026-01-17', 'Present'),
(114, 62, '2026-01-18', 'Present'),
(115, 63, '2026-01-17', 'Present'),
(116, 63, '2026-01-18', 'Present'),
(117, 64, '2026-01-17', 'Present'),
(118, 64, '2026-01-18', 'Present'),
(119, 65, '2026-01-17', 'Present'),
(120, 65, '2026-01-18', 'Present'),
(121, 66, '2026-01-17', 'Present'),
(122, 66, '2026-01-18', 'Present'),
(123, 67, '2026-01-17', 'Present'),
(124, 67, '2026-01-18', 'Present'),
(125, 68, '2026-01-17', 'Present'),
(126, 68, '2026-01-18', 'Present'),
(127, 69, '2026-01-17', 'Present'),
(128, 69, '2026-01-18', 'Present'),
(129, 70, '2026-01-17', 'Present'),
(130, 70, '2026-01-18', 'Present'),
(131, 71, '2026-01-17', 'Present'),
(132, 71, '2026-01-18', 'Present'),
(133, 72, '2026-01-17', 'Present'),
(134, 72, '2026-01-18', 'Present'),
(135, 73, '2026-01-17', 'Present'),
(136, 73, '2026-01-18', 'Present'),
(137, 74, '2026-01-17', 'Present'),
(138, 74, '2026-01-18', 'Present'),
(139, 75, '2026-01-17', 'Present'),
(140, 75, '2026-01-18', 'Present'),
(141, 77, '2026-01-17', 'Present'),
(142, 77, '2026-01-18', 'Present'),
(143, 78, '2026-01-17', 'Present'),
(144, 78, '2026-01-18', 'Present'),
(145, 79, '2026-01-17', 'Present'),
(146, 79, '2026-01-18', 'Present'),
(147, 80, '2026-01-17', 'Present'),
(148, 80, '2026-01-18', 'Present'),
(149, 81, '2026-01-17', 'Present'),
(150, 81, '2026-01-18', 'Present'),
(151, 82, '2026-01-17', 'Present'),
(152, 82, '2026-01-18', 'Present'),
(153, 83, '2026-01-17', 'Present'),
(154, 83, '2026-01-18', 'Present'),
(155, 84, '2026-01-17', 'Present'),
(156, 84, '2026-01-18', 'Present'),
(157, 85, '2026-01-17', 'Present'),
(158, 85, '2026-01-18', 'Present'),
(159, 86, '2026-01-17', 'Present'),
(160, 86, '2026-01-18', 'Present'),
(161, 87, '2026-01-17', 'Present'),
(162, 87, '2026-01-18', 'Present'),
(163, 88, '2026-01-17', 'Present'),
(164, 88, '2026-01-18', 'Present'),
(165, 89, '2026-01-17', 'Present'),
(166, 89, '2026-01-18', 'Present'),
(167, 90, '2026-01-17', 'Present'),
(168, 90, '2026-01-18', 'Present'),
(169, 92, '2026-01-17', 'Present'),
(170, 92, '2026-01-18', 'Present'),
(171, 93, '2026-01-17', 'Present'),
(172, 93, '2026-01-18', 'Present'),
(173, 94, '2026-01-17', 'Present'),
(174, 94, '2026-01-18', 'Present'),
(175, 95, '2026-01-17', 'Present'),
(176, 95, '2026-01-18', 'Present'),
(177, 96, '2026-01-17', 'Present'),
(178, 96, '2026-01-18', 'Present'),
(179, 97, '2026-01-17', 'Present'),
(180, 97, '2026-01-18', 'Present'),
(181, 98, '2026-01-17', 'Present'),
(182, 98, '2026-01-18', 'Present'),
(183, 99, '2026-01-17', 'Present'),
(184, 99, '2026-01-18', 'Present'),
(185, 100, '2026-01-17', 'Present'),
(186, 100, '2026-01-18', 'Present'),
(187, 101, '2026-01-17', 'Present'),
(188, 101, '2026-01-18', 'Present'),
(189, 102, '2026-01-17', 'Present'),
(190, 102, '2026-01-18', 'Present'),
(191, 103, '2026-01-17', 'Present'),
(192, 103, '2026-01-18', 'Present'),
(193, 104, '2026-01-17', 'Present'),
(194, 104, '2026-01-18', 'Present'),
(195, 105, '2026-01-17', 'Present'),
(196, 105, '2026-01-18', 'Present'),
(197, 107, '2026-01-17', 'Present'),
(198, 107, '2026-01-18', 'Present'),
(199, 108, '2026-01-17', 'Present'),
(200, 108, '2026-01-18', 'Present'),
(201, 109, '2026-01-17', 'Present'),
(202, 109, '2026-01-18', 'Present'),
(203, 110, '2026-01-17', 'Present'),
(204, 110, '2026-01-18', 'Present'),
(205, 111, '2026-01-17', 'Present'),
(206, 111, '2026-01-18', 'Present'),
(207, 112, '2026-01-17', 'Present'),
(208, 112, '2026-01-18', 'Present'),
(209, 113, '2026-01-17', 'Present'),
(210, 113, '2026-01-18', 'Present'),
(211, 114, '2026-01-17', 'Present'),
(212, 114, '2026-01-18', 'Present'),
(213, 115, '2026-01-17', 'Present'),
(214, 115, '2026-01-18', 'Present'),
(215, 116, '2026-01-17', 'Present'),
(216, 116, '2026-01-18', 'Present'),
(217, 117, '2026-01-17', 'Present'),
(218, 117, '2026-01-18', 'Present'),
(219, 118, '2026-01-17', 'Present'),
(220, 118, '2026-01-18', 'Present'),
(221, 119, '2026-01-17', 'Present'),
(222, 119, '2026-01-18', 'Present'),
(223, 120, '2026-01-17', 'Present'),
(224, 120, '2026-01-18', 'Present'),
(225, 122, '2026-01-17', 'Present'),
(226, 122, '2026-01-18', 'Present'),
(227, 123, '2026-01-17', 'Present'),
(228, 123, '2026-01-18', 'Present'),
(229, 124, '2026-01-17', 'Present'),
(230, 124, '2026-01-18', 'Present'),
(231, 125, '2026-01-17', 'Present'),
(232, 125, '2026-01-18', 'Present'),
(233, 126, '2026-01-17', 'Present'),
(234, 126, '2026-01-18', 'Present'),
(235, 127, '2026-01-17', 'Present'),
(236, 127, '2026-01-18', 'Present'),
(237, 128, '2026-01-17', 'Present'),
(238, 128, '2026-01-18', 'Present'),
(239, 129, '2026-01-17', 'Present'),
(240, 129, '2026-01-18', 'Present'),
(241, 130, '2026-01-17', 'Present'),
(242, 130, '2026-01-18', 'Present'),
(243, 131, '2026-01-17', 'Present'),
(244, 131, '2026-01-18', 'Present'),
(245, 132, '2026-01-17', 'Present'),
(246, 132, '2026-01-18', 'Present'),
(247, 133, '2026-01-17', 'Present'),
(248, 133, '2026-01-18', 'Present'),
(249, 134, '2026-01-17', 'Present'),
(250, 134, '2026-01-18', 'Present'),
(251, 135, '2026-01-17', 'Present'),
(252, 135, '2026-01-18', 'Present'),
(253, 137, '2026-01-17', 'Present'),
(254, 137, '2026-01-18', 'Present'),
(255, 138, '2026-01-17', 'Present'),
(256, 138, '2026-01-18', 'Present'),
(257, 139, '2026-01-17', 'Present'),
(258, 139, '2026-01-18', 'Present'),
(259, 140, '2026-01-17', 'Present'),
(260, 140, '2026-01-18', 'Present'),
(261, 141, '2026-01-17', 'Present'),
(262, 141, '2026-01-18', 'Present'),
(263, 142, '2026-01-17', 'Present'),
(264, 142, '2026-01-18', 'Present'),
(265, 143, '2026-01-17', 'Present'),
(266, 143, '2026-01-18', 'Present'),
(267, 144, '2026-01-17', 'Present'),
(268, 144, '2026-01-18', 'Present'),
(269, 145, '2026-01-17', 'Present'),
(270, 145, '2026-01-18', 'Present'),
(271, 146, '2026-01-17', 'Present'),
(272, 146, '2026-01-18', 'Present'),
(273, 147, '2026-01-17', 'Present'),
(274, 147, '2026-01-18', 'Present'),
(275, 148, '2026-01-17', 'Present'),
(276, 148, '2026-01-18', 'Present'),
(277, 149, '2026-01-17', 'Present'),
(278, 149, '2026-01-18', 'Present'),
(279, 150, '2026-01-17', 'Present'),
(280, 150, '2026-01-18', 'Present'),
(281, 152, '2026-01-17', 'Present'),
(282, 152, '2026-01-18', 'Present'),
(283, 153, '2026-01-17', 'Present'),
(284, 153, '2026-01-18', 'Present'),
(285, 154, '2026-01-17', 'Present'),
(286, 154, '2026-01-18', 'Present'),
(287, 155, '2026-01-17', 'Present'),
(288, 155, '2026-01-18', 'Present'),
(289, 156, '2026-01-17', 'Present'),
(290, 156, '2026-01-18', 'Present'),
(291, 157, '2026-01-17', 'Present'),
(292, 157, '2026-01-18', 'Present'),
(293, 158, '2026-01-17', 'Present'),
(294, 158, '2026-01-18', 'Present'),
(295, 159, '2026-01-17', 'Present'),
(296, 159, '2026-01-18', 'Present'),
(297, 160, '2026-01-17', 'Present'),
(298, 160, '2026-01-18', 'Present'),
(299, 161, '2026-01-17', 'Present'),
(300, 161, '2026-01-18', 'Present'),
(301, 162, '2026-01-17', 'Present'),
(302, 162, '2026-01-18', 'Present'),
(303, 163, '2026-01-17', 'Present'),
(304, 163, '2026-01-18', 'Present'),
(305, 164, '2026-01-17', 'Present'),
(306, 164, '2026-01-18', 'Present'),
(307, 165, '2026-01-17', 'Present'),
(308, 165, '2026-01-18', 'Present'),
(309, 167, '2026-01-17', 'Present'),
(310, 167, '2026-01-18', 'Present'),
(311, 168, '2026-01-17', 'Present'),
(312, 168, '2026-01-18', 'Present'),
(313, 169, '2026-01-17', 'Present'),
(314, 169, '2026-01-18', 'Present'),
(315, 170, '2026-01-17', 'Present'),
(316, 170, '2026-01-18', 'Present'),
(317, 171, '2026-01-17', 'Present'),
(318, 171, '2026-01-18', 'Present'),
(319, 172, '2026-01-17', 'Present'),
(320, 172, '2026-01-18', 'Present'),
(321, 173, '2026-01-17', 'Present'),
(322, 173, '2026-01-18', 'Present'),
(323, 174, '2026-01-17', 'Present'),
(324, 174, '2026-01-18', 'Present'),
(325, 175, '2026-01-17', 'Present'),
(326, 175, '2026-01-18', 'Present'),
(327, 176, '2026-01-17', 'Present'),
(328, 176, '2026-01-18', 'Present'),
(329, 177, '2026-01-17', 'Present'),
(330, 177, '2026-01-18', 'Present'),
(331, 178, '2026-01-17', 'Present'),
(332, 178, '2026-01-18', 'Present'),
(333, 179, '2026-01-17', 'Present'),
(334, 179, '2026-01-18', 'Present'),
(335, 180, '2026-01-17', 'Present'),
(336, 180, '2026-01-18', 'Present'),
(337, 182, '2026-01-17', 'Present'),
(338, 182, '2026-01-18', 'Present'),
(339, 183, '2026-01-17', 'Present'),
(340, 183, '2026-01-18', 'Present'),
(341, 184, '2026-01-17', 'Present'),
(342, 184, '2026-01-18', 'Present'),
(343, 185, '2026-01-17', 'Present'),
(344, 185, '2026-01-18', 'Present'),
(345, 186, '2026-01-17', 'Present'),
(346, 186, '2026-01-18', 'Present'),
(347, 187, '2026-01-17', 'Present'),
(348, 187, '2026-01-18', 'Present'),
(349, 188, '2026-01-17', 'Present'),
(350, 188, '2026-01-18', 'Present'),
(351, 189, '2026-01-17', 'Present'),
(352, 189, '2026-01-18', 'Present'),
(353, 190, '2026-01-17', 'Present'),
(354, 190, '2026-01-18', 'Present'),
(355, 191, '2026-01-17', 'Present'),
(356, 191, '2026-01-18', 'Present'),
(357, 192, '2026-01-17', 'Present'),
(358, 192, '2026-01-18', 'Present'),
(359, 193, '2026-01-17', 'Present'),
(360, 193, '2026-01-18', 'Present'),
(361, 194, '2026-01-17', 'Present'),
(362, 194, '2026-01-18', 'Present'),
(363, 195, '2026-01-17', 'Present'),
(364, 195, '2026-01-18', 'Present'),
(365, 197, '2026-01-17', 'Present'),
(366, 197, '2026-01-18', 'Present'),
(367, 198, '2026-01-17', 'Present'),
(368, 198, '2026-01-18', 'Present'),
(369, 199, '2026-01-17', 'Present'),
(370, 199, '2026-01-18', 'Present'),
(371, 200, '2026-01-17', 'Present'),
(372, 200, '2026-01-18', 'Present'),
(373, 201, '2026-01-17', 'Present'),
(374, 201, '2026-01-18', 'Present'),
(375, 202, '2026-01-17', 'Present'),
(376, 202, '2026-01-18', 'Present'),
(377, 203, '2026-01-17', 'Present'),
(378, 203, '2026-01-18', 'Present'),
(379, 204, '2026-01-17', 'Present'),
(380, 204, '2026-01-18', 'Present'),
(381, 205, '2026-01-17', 'Present'),
(382, 205, '2026-01-18', 'Present'),
(383, 206, '2026-01-17', 'Present'),
(384, 206, '2026-01-18', 'Present'),
(385, 207, '2026-01-17', 'Present'),
(386, 207, '2026-01-18', 'Present'),
(387, 208, '2026-01-17', 'Present'),
(388, 208, '2026-01-18', 'Present'),
(389, 209, '2026-01-17', 'Present'),
(390, 209, '2026-01-18', 'Present'),
(391, 210, '2026-01-17', 'Present'),
(392, 210, '2026-01-18', 'Present'),
(393, 212, '2026-01-17', 'Present'),
(394, 212, '2026-01-18', 'Present'),
(395, 213, '2026-01-17', 'Present'),
(396, 213, '2026-01-18', 'Present'),
(397, 214, '2026-01-17', 'Present'),
(398, 214, '2026-01-18', 'Present'),
(399, 215, '2026-01-17', 'Present'),
(400, 215, '2026-01-18', 'Present'),
(401, 216, '2026-01-17', 'Present'),
(402, 216, '2026-01-18', 'Present'),
(403, 217, '2026-01-17', 'Present'),
(404, 217, '2026-01-18', 'Present'),
(405, 218, '2026-01-17', 'Present'),
(406, 218, '2026-01-18', 'Present'),
(407, 219, '2026-01-17', 'Present'),
(408, 219, '2026-01-18', 'Present'),
(409, 220, '2026-01-17', 'Present'),
(410, 220, '2026-01-18', 'Present'),
(411, 221, '2026-01-17', 'Present'),
(412, 221, '2026-01-18', 'Present'),
(413, 222, '2026-01-17', 'Present'),
(414, 222, '2026-01-18', 'Present'),
(415, 223, '2026-01-17', 'Present'),
(416, 223, '2026-01-18', 'Present'),
(417, 224, '2026-01-17', 'Present'),
(418, 224, '2026-01-18', 'Present'),
(419, 225, '2026-01-17', 'Present'),
(420, 225, '2026-01-18', 'Present'),
(421, 227, '2026-01-17', 'Present'),
(422, 227, '2026-01-18', 'Present'),
(423, 228, '2026-01-17', 'Present'),
(424, 228, '2026-01-18', 'Present'),
(425, 229, '2026-01-17', 'Present'),
(426, 229, '2026-01-18', 'Present'),
(427, 230, '2026-01-17', 'Present'),
(428, 230, '2026-01-18', 'Present'),
(429, 231, '2026-01-17', 'Present'),
(430, 231, '2026-01-18', 'Present'),
(431, 232, '2026-01-17', 'Present'),
(432, 232, '2026-01-18', 'Present'),
(433, 233, '2026-01-17', 'Present'),
(434, 233, '2026-01-18', 'Present'),
(435, 234, '2026-01-17', 'Present'),
(436, 234, '2026-01-18', 'Present'),
(437, 235, '2026-01-17', 'Present'),
(438, 235, '2026-01-18', 'Present'),
(439, 236, '2026-01-17', 'Present'),
(440, 236, '2026-01-18', 'Present'),
(441, 237, '2026-01-17', 'Present'),
(442, 237, '2026-01-18', 'Present'),
(443, 238, '2026-01-17', 'Present'),
(444, 238, '2026-01-18', 'Present'),
(445, 239, '2026-01-17', 'Present'),
(446, 239, '2026-01-18', 'Present'),
(447, 240, '2026-01-17', 'Present'),
(448, 240, '2026-01-18', 'Present'),
(449, 242, '2026-01-17', 'Present'),
(450, 242, '2026-01-18', 'Present'),
(451, 243, '2026-01-17', 'Present'),
(452, 243, '2026-01-18', 'Present'),
(453, 244, '2026-01-17', 'Present'),
(454, 244, '2026-01-18', 'Present'),
(455, 245, '2026-01-17', 'Present'),
(456, 245, '2026-01-18', 'Present'),
(457, 246, '2026-01-17', 'Present'),
(458, 246, '2026-01-18', 'Present'),
(459, 247, '2026-01-17', 'Present'),
(460, 247, '2026-01-18', 'Present'),
(461, 248, '2026-01-17', 'Present'),
(462, 248, '2026-01-18', 'Present'),
(463, 249, '2026-01-17', 'Present'),
(464, 249, '2026-01-18', 'Present'),
(465, 250, '2026-01-17', 'Present'),
(466, 250, '2026-01-18', 'Present'),
(467, 251, '2026-01-17', 'Present'),
(468, 251, '2026-01-18', 'Present'),
(469, 252, '2026-01-17', 'Present'),
(470, 252, '2026-01-18', 'Present'),
(471, 253, '2026-01-17', 'Present'),
(472, 253, '2026-01-18', 'Present'),
(473, 254, '2026-01-17', 'Present'),
(474, 254, '2026-01-18', 'Present'),
(475, 255, '2026-01-17', 'Present'),
(476, 255, '2026-01-18', 'Present'),
(477, 257, '2026-01-17', 'Present'),
(478, 257, '2026-01-18', 'Present'),
(479, 258, '2026-01-17', 'Present'),
(480, 258, '2026-01-18', 'Present'),
(481, 259, '2026-01-17', 'Present'),
(482, 259, '2026-01-18', 'Present'),
(483, 260, '2026-01-17', 'Present'),
(484, 260, '2026-01-18', 'Present'),
(485, 261, '2026-01-17', 'Present'),
(486, 261, '2026-01-18', 'Present'),
(487, 262, '2026-01-17', 'Present'),
(488, 262, '2026-01-18', 'Present'),
(489, 263, '2026-01-17', 'Present'),
(490, 263, '2026-01-18', 'Present'),
(491, 264, '2026-01-17', 'Present'),
(492, 264, '2026-01-18', 'Present'),
(493, 265, '2026-01-17', 'Present'),
(494, 265, '2026-01-18', 'Present'),
(495, 266, '2026-01-17', 'Present'),
(496, 266, '2026-01-18', 'Present'),
(497, 267, '2026-01-17', 'Present'),
(498, 267, '2026-01-18', 'Present'),
(499, 268, '2026-01-17', 'Present'),
(500, 268, '2026-01-18', 'Present'),
(501, 269, '2026-01-17', 'Present'),
(502, 269, '2026-01-18', 'Present'),
(503, 270, '2026-01-17', 'Present'),
(504, 270, '2026-01-18', 'Present'),
(505, 272, '2026-01-17', 'Present'),
(506, 272, '2026-01-18', 'Present'),
(507, 273, '2026-01-17', 'Present'),
(508, 273, '2026-01-18', 'Present'),
(509, 274, '2026-01-17', 'Present'),
(510, 274, '2026-01-18', 'Present'),
(511, 275, '2026-01-17', 'Present'),
(512, 275, '2026-01-18', 'Present'),
(513, 276, '2026-01-17', 'Present'),
(514, 276, '2026-01-18', 'Present'),
(515, 277, '2026-01-17', 'Present'),
(516, 277, '2026-01-18', 'Present'),
(517, 278, '2026-01-17', 'Present'),
(518, 278, '2026-01-18', 'Present'),
(519, 279, '2026-01-17', 'Present'),
(520, 279, '2026-01-18', 'Present'),
(521, 280, '2026-01-17', 'Present'),
(522, 280, '2026-01-18', 'Present'),
(523, 281, '2026-01-17', 'Present'),
(524, 281, '2026-01-18', 'Present'),
(525, 282, '2026-01-17', 'Present'),
(526, 282, '2026-01-18', 'Present'),
(527, 283, '2026-01-17', 'Present'),
(528, 283, '2026-01-18', 'Present'),
(529, 284, '2026-01-17', 'Present'),
(530, 284, '2026-01-18', 'Present'),
(531, 285, '2026-01-17', 'Present'),
(532, 285, '2026-01-18', 'Present'),
(533, 287, '2026-01-17', 'Present'),
(534, 287, '2026-01-18', 'Present'),
(535, 288, '2026-01-17', 'Present'),
(536, 288, '2026-01-18', 'Present'),
(537, 289, '2026-01-17', 'Present'),
(538, 289, '2026-01-18', 'Present'),
(539, 290, '2026-01-17', 'Present'),
(540, 290, '2026-01-18', 'Present'),
(541, 291, '2026-01-17', 'Present'),
(542, 291, '2026-01-18', 'Present'),
(543, 292, '2026-01-17', 'Present'),
(544, 292, '2026-01-18', 'Present'),
(545, 293, '2026-01-17', 'Present'),
(546, 293, '2026-01-18', 'Present'),
(547, 294, '2026-01-17', 'Present'),
(548, 294, '2026-01-18', 'Present'),
(549, 295, '2026-01-17', 'Present'),
(550, 295, '2026-01-18', 'Present'),
(551, 296, '2026-01-17', 'Present'),
(552, 296, '2026-01-18', 'Present'),
(553, 297, '2026-01-17', 'Present'),
(554, 297, '2026-01-18', 'Present'),
(555, 298, '2026-01-17', 'Present'),
(556, 298, '2026-01-18', 'Present'),
(557, 299, '2026-01-17', 'Present'),
(558, 299, '2026-01-18', 'Present'),
(559, 300, '2026-01-17', 'Present'),
(560, 300, '2026-01-18', 'Present'),
(561, 302, '2026-01-17', 'Present'),
(562, 302, '2026-01-18', 'Present'),
(563, 303, '2026-01-17', 'Present'),
(564, 303, '2026-01-18', 'Present'),
(565, 304, '2026-01-17', 'Present'),
(566, 304, '2026-01-18', 'Present'),
(567, 305, '2026-01-17', 'Present'),
(568, 305, '2026-01-18', 'Present'),
(569, 306, '2026-01-17', 'Present'),
(570, 306, '2026-01-18', 'Present'),
(571, 307, '2026-01-17', 'Present'),
(572, 307, '2026-01-18', 'Present'),
(573, 308, '2026-01-17', 'Present'),
(574, 308, '2026-01-18', 'Present'),
(575, 309, '2026-01-17', 'Present'),
(576, 309, '2026-01-18', 'Present'),
(577, 310, '2026-01-17', 'Present'),
(578, 310, '2026-01-18', 'Present'),
(579, 311, '2026-01-17', 'Present'),
(580, 311, '2026-01-18', 'Present'),
(581, 312, '2026-01-17', 'Present'),
(582, 312, '2026-01-18', 'Present'),
(583, 313, '2026-01-17', 'Present'),
(584, 313, '2026-01-18', 'Present'),
(585, 314, '2026-01-17', 'Present'),
(586, 314, '2026-01-18', 'Present'),
(587, 315, '2026-01-17', 'Present'),
(588, 315, '2026-01-18', 'Present'),
(589, 317, '2026-01-17', 'Present'),
(590, 317, '2026-01-18', 'Present'),
(591, 318, '2026-01-17', 'Present'),
(592, 318, '2026-01-18', 'Present'),
(593, 319, '2026-01-17', 'Present'),
(594, 319, '2026-01-18', 'Present'),
(595, 320, '2026-01-17', 'Present'),
(596, 320, '2026-01-18', 'Present'),
(597, 321, '2026-01-17', 'Present'),
(598, 321, '2026-01-18', 'Present'),
(599, 322, '2026-01-17', 'Present'),
(600, 322, '2026-01-18', 'Present'),
(601, 323, '2026-01-17', 'Present'),
(602, 323, '2026-01-18', 'Present'),
(603, 324, '2026-01-17', 'Present'),
(604, 324, '2026-01-18', 'Present'),
(605, 325, '2026-01-17', 'Present'),
(606, 325, '2026-01-18', 'Present'),
(607, 326, '2026-01-17', 'Present'),
(608, 326, '2026-01-18', 'Present'),
(609, 327, '2026-01-17', 'Present'),
(610, 327, '2026-01-18', 'Present'),
(611, 328, '2026-01-17', 'Present'),
(612, 328, '2026-01-18', 'Present'),
(613, 329, '2026-01-17', 'Present'),
(614, 329, '2026-01-18', 'Present'),
(615, 330, '2026-01-17', 'Present'),
(616, 330, '2026-01-18', 'Present'),
(617, 332, '2026-01-17', 'Present'),
(618, 332, '2026-01-18', 'Present'),
(619, 333, '2026-01-17', 'Present'),
(620, 333, '2026-01-18', 'Present'),
(621, 334, '2026-01-17', 'Present'),
(622, 334, '2026-01-18', 'Present'),
(623, 335, '2026-01-17', 'Present'),
(624, 335, '2026-01-18', 'Present'),
(625, 336, '2026-01-17', 'Present'),
(626, 336, '2026-01-18', 'Present'),
(627, 337, '2026-01-17', 'Present'),
(628, 337, '2026-01-18', 'Present'),
(629, 338, '2026-01-17', 'Present'),
(630, 338, '2026-01-18', 'Present'),
(631, 339, '2026-01-17', 'Present'),
(632, 339, '2026-01-18', 'Present'),
(633, 340, '2026-01-17', 'Present'),
(634, 340, '2026-01-18', 'Present'),
(635, 341, '2026-01-17', 'Present'),
(636, 341, '2026-01-18', 'Present'),
(637, 342, '2026-01-17', 'Present'),
(638, 342, '2026-01-18', 'Present'),
(639, 343, '2026-01-17', 'Present'),
(640, 343, '2026-01-18', 'Present'),
(641, 344, '2026-01-17', 'Present'),
(642, 344, '2026-01-18', 'Present'),
(643, 345, '2026-01-17', 'Present'),
(644, 345, '2026-01-18', 'Present'),
(645, 347, '2026-01-17', 'Present'),
(646, 347, '2026-01-18', 'Present'),
(647, 348, '2026-01-17', 'Present'),
(648, 348, '2026-01-18', 'Present'),
(649, 349, '2026-01-17', 'Present'),
(650, 349, '2026-01-18', 'Present'),
(651, 350, '2026-01-17', 'Present'),
(652, 350, '2026-01-18', 'Present'),
(653, 351, '2026-01-17', 'Present'),
(654, 351, '2026-01-18', 'Present');

-- --------------------------------------------------------

--
-- Table structure for table `fees`
--

CREATE TABLE `fees` (
  `id` int(11) NOT NULL,
  `user_id` int(11) DEFAULT NULL,
  `total_amount` decimal(10,2) DEFAULT NULL,
  `paid_amount` decimal(10,2) DEFAULT NULL,
  `due_date` date DEFAULT NULL,
  `status` enum('Paid','Pending','Overdue') DEFAULT 'Pending'
) ENGINE=InnoDB DEFAULT CHARSET=utf8mb4 COLLATE=utf8mb4_general_ci;

--
-- Dumping data for table `fees`
--

INSERT INTO `fees` (`id`, `user_id`, `total_amount`, `paid_amount`, `due_date`, `status`) VALUES
(1, 2, 50000.00, 50000.00, NULL, 'Paid'),
(2, 3, 50000.00, 50000.00, NULL, 'Paid'),
(3, 4, 50000.00, 50000.00, NULL, 'Paid'),
(4, 5, 50000.00, 50000.00, NULL, 'Paid'),
(5, 6, 50000.00, 50000.00, NULL, 'Paid'),
(6, 7, 50000.00, 50000.00, NULL, 'Paid'),
(7, 8, 50000.00, 50000.00, NULL, 'Paid'),
(8, 9, 50000.00, 50000.00, NULL, 'Paid'),
(9, 10, 50000.00, 50000.00, NULL, 'Paid'),
(10, 11, 50000.00, 50000.00, NULL, 'Paid'),
(11, 12, 50000.00, 50000.00, NULL, 'Paid'),
(12, 13, 50000.00, 50000.00, NULL, 'Paid'),
(13, 14, 50000.00, 50000.00, NULL, 'Paid'),
(14, 15, 50000.00, 50000.00, NULL, 'Paid'),
(15, 17, 50000.00, 50000.00, NULL, 'Paid'),
(16, 18, 50000.00, 50000.00, NULL, 'Paid'),
(17, 19, 50000.00, 50000.00, NULL, 'Paid'),
(18, 20, 50000.00, 50000.00, NULL, 'Paid'),
(19, 21, 50000.00, 50000.00, NULL, 'Paid'),
(20, 22, 50000.00, 50000.00, NULL, 'Paid'),
(21, 23, 50000.00, 50000.00, NULL, 'Paid'),
(22, 24, 50000.00, 50000.00, NULL, 'Paid'),
(23, 25, 50000.00, 50000.00, NULL, 'Paid'),
(24, 26, 50000.00, 50000.00, NULL, 'Paid'),
(25, 27, 50000.00, 50000.00, NULL, 'Paid'),
(26, 28, 50000.00, 50000.00, NULL, 'Paid'),
(27, 29, 50000.00, 50000.00, NULL, 'Paid'),
(28, 30, 50000.00, 50000.00, NULL, 'Paid'),
(29, 32, 50000.00, 50000.00, NULL, 'Paid'),
(30, 33, 50000.00, 50000.00, NULL, 'Paid'),
(31, 34, 50000.00, 50000.00, NULL, 'Paid'),
(32, 35, 50000.00, 50000.00, NULL, 'Paid'),
(33, 36, 50000.00, 50000.00, NULL, 'Paid'),
(34, 37, 50000.00, 50000.00, NULL, 'Paid'),
(35, 38, 50000.00, 50000.00, NULL, 'Paid'),
(36, 39, 50000.00, 50000.00, NULL, 'Paid'),
(37, 40, 50000.00, 50000.00, NULL, 'Paid'),
(38, 41, 50000.00, 50000.00, NULL, 'Paid'),
(39, 42, 50000.00, 50000.00, NULL, 'Paid'),
(40, 43, 50000.00, 50000.00, NULL, 'Paid'),
(41, 44, 50000.00, 50000.00, NULL, 'Paid'),
(42, 45, 50000.00, 50000.00, NULL, 'Paid'),
(43, 47, 50000.00, 50000.00, NULL, 'Paid'),
(44, 48, 50000.00, 50000.00, NULL, 'Paid'),
(45, 49, 50000.00, 50000.00, NULL, 'Paid'),
(46, 50, 50000.00, 50000.00, NULL, 'Paid'),
(47, 51, 50000.00, 50000.00, NULL, 'Paid'),
(48, 52, 50000.00, 50000.00, NULL, 'Paid'),
(49, 53, 50000.00, 50000.00, NULL, 'Paid'),
(50, 54, 50000.00, 50000.00, NULL, 'Paid'),
(51, 55, 50000.00, 50000.00, NULL, 'Paid'),
(52, 56, 50000.00, 50000.00, NULL, 'Paid'),
(53, 57, 50000.00, 50000.00, NULL, 'Paid'),
(54, 58, 50000.00, 50000.00, NULL, 'Paid'),
(55, 59, 50000.00, 50000.00, NULL, 'Paid'),
(56, 60, 50000.00, 50000.00, NULL, 'Paid'),
(57, 62, 50000.00, 50000.00, NULL, 'Paid'),
(58, 63, 50000.00, 50000.00, NULL, 'Paid'),
(59, 64, 50000.00, 50000.00, NULL, 'Paid'),
(60, 65, 50000.00, 50000.00, NULL, 'Paid'),
(61, 66, 50000.00, 50000.00, NULL, 'Paid'),
(62, 67, 50000.00, 50000.00, NULL, 'Paid'),
(63, 68, 50000.00, 50000.00, NULL, 'Paid'),
(64, 69, 50000.00, 50000.00, NULL, 'Paid'),
(65, 70, 50000.00, 50000.00, NULL, 'Paid'),
(66, 71, 50000.00, 50000.00, NULL, 'Paid'),
(67, 72, 50000.00, 50000.00, NULL, 'Paid'),
(68, 73, 50000.00, 50000.00, NULL, 'Paid'),
(69, 74, 50000.00, 50000.00, NULL, 'Paid'),
(70, 75, 50000.00, 50000.00, NULL, 'Paid'),
(71, 77, 50000.00, 50000.00, NULL, 'Paid'),
(72, 78, 50000.00, 50000.00, NULL, 'Paid'),
(73, 79, 50000.00, 50000.00, NULL, 'Paid'),
(74, 80, 50000.00, 50000.00, NULL, 'Paid'),
(75, 81, 50000.00, 50000.00, NULL, 'Paid'),
(76, 82, 50000.00, 50000.00, NULL, 'Paid'),
(77, 83, 50000.00, 50000.00, NULL, 'Paid'),
(78, 84, 50000.00, 50000.00, NULL, 'Paid'),
(79, 85, 50000.00, 50000.00, NULL, 'Paid'),
(80, 86, 50000.00, 50000.00, NULL, 'Paid'),
(81, 87, 50000.00, 50000.00, NULL, 'Paid'),
(82, 88, 50000.00, 50000.00, NULL, 'Paid'),
(83, 89, 50000.00, 50000.00, NULL, 'Paid'),
(84, 90, 50000.00, 50000.00, NULL, 'Paid'),
(85, 92, 50000.00, 50000.00, NULL, 'Paid'),
(86, 93, 50000.00, 50000.00, NULL, 'Paid'),
(87, 94, 50000.00, 50000.00, NULL, 'Paid'),
(88, 95, 50000.00, 50000.00, NULL, 'Paid'),
(89, 96, 50000.00, 50000.00, NULL, 'Paid'),
(90, 97, 50000.00, 50000.00, NULL, 'Paid'),
(91, 98, 50000.00, 50000.00, NULL, 'Paid'),
(92, 99, 50000.00, 50000.00, NULL, 'Paid'),
(93, 100, 50000.00, 50000.00, NULL, 'Paid'),
(94, 101, 50000.00, 50000.00, NULL, 'Paid'),
(95, 102, 50000.00, 50000.00, NULL, 'Paid'),
(96, 103, 50000.00, 50000.00, NULL, 'Paid'),
(97, 104, 50000.00, 50000.00, NULL, 'Paid'),
(98, 105, 50000.00, 50000.00, NULL, 'Paid'),
(99, 107, 50000.00, 50000.00, NULL, 'Paid'),
(100, 108, 50000.00, 50000.00, NULL, 'Paid'),
(101, 109, 50000.00, 50000.00, NULL, 'Paid'),
(102, 110, 50000.00, 50000.00, NULL, 'Paid'),
(103, 111, 50000.00, 50000.00, NULL, 'Paid'),
(104, 112, 50000.00, 50000.00, NULL, 'Paid'),
(105, 113, 50000.00, 50000.00, NULL, 'Paid'),
(106, 114, 50000.00, 50000.00, NULL, 'Paid'),
(107, 115, 50000.00, 50000.00, NULL, 'Paid'),
(108, 116, 50000.00, 50000.00, NULL, 'Paid'),
(109, 117, 50000.00, 50000.00, NULL, 'Paid'),
(110, 118, 50000.00, 50000.00, NULL, 'Paid'),
(111, 119, 50000.00, 50000.00, NULL, 'Paid'),
(112, 120, 50000.00, 50000.00, NULL, 'Paid'),
(113, 122, 50000.00, 50000.00, NULL, 'Paid'),
(114, 123, 50000.00, 50000.00, NULL, 'Paid'),
(115, 124, 50000.00, 50000.00, NULL, 'Paid'),
(116, 125, 50000.00, 50000.00, NULL, 'Paid'),
(117, 126, 50000.00, 50000.00, NULL, 'Paid'),
(118, 127, 50000.00, 50000.00, NULL, 'Paid'),
(119, 128, 50000.00, 50000.00, NULL, 'Paid'),
(120, 129, 50000.00, 50000.00, NULL, 'Paid'),
(121, 130, 50000.00, 50000.00, NULL, 'Paid'),
(122, 131, 50000.00, 50000.00, NULL, 'Paid'),
(123, 132, 50000.00, 50000.00, NULL, 'Paid'),
(124, 133, 50000.00, 50000.00, NULL, 'Paid'),
(125, 134, 50000.00, 50000.00, NULL, 'Paid'),
(126, 135, 50000.00, 50000.00, NULL, 'Paid'),
(127, 137, 50000.00, 50000.00, NULL, 'Paid'),
(128, 138, 50000.00, 50000.00, NULL, 'Paid'),
(129, 139, 50000.00, 50000.00, NULL, 'Paid'),
(130, 140, 50000.00, 50000.00, NULL, 'Paid'),
(131, 141, 50000.00, 50000.00, NULL, 'Paid'),
(132, 142, 50000.00, 50000.00, NULL, 'Paid'),
(133, 143, 50000.00, 50000.00, NULL, 'Paid'),
(134, 144, 50000.00, 50000.00, NULL, 'Paid'),
(135, 145, 50000.00, 50000.00, NULL, 'Paid'),
(136, 146, 50000.00, 50000.00, NULL, 'Paid'),
(137, 147, 50000.00, 50000.00, NULL, 'Paid'),
(138, 148, 50000.00, 50000.00, NULL, 'Paid'),
(139, 149, 50000.00, 50000.00, NULL, 'Paid'),
(140, 150, 50000.00, 50000.00, NULL, 'Paid'),
(141, 152, 50000.00, 50000.00, NULL, 'Paid'),
(142, 153, 50000.00, 50000.00, NULL, 'Paid'),
(143, 154, 50000.00, 50000.00, NULL, 'Paid'),
(144, 155, 50000.00, 50000.00, NULL, 'Paid'),
(145, 156, 50000.00, 50000.00, NULL, 'Paid'),
(146, 157, 50000.00, 50000.00, NULL, 'Paid'),
(147, 158, 50000.00, 50000.00, NULL, 'Paid'),
(148, 159, 50000.00, 50000.00, NULL, 'Paid'),
(149, 160, 50000.00, 50000.00, NULL, 'Paid'),
(150, 161, 50000.00, 50000.00, NULL, 'Paid'),
(151, 162, 50000.00, 50000.00, NULL, 'Paid'),
(152, 163, 50000.00, 50000.00, NULL, 'Paid'),
(153, 164, 50000.00, 50000.00, NULL, 'Paid'),
(154, 165, 50000.00, 50000.00, NULL, 'Paid'),
(155, 167, 50000.00, 50000.00, NULL, 'Paid'),
(156, 168, 50000.00, 50000.00, NULL, 'Paid'),
(157, 169, 50000.00, 50000.00, NULL, 'Paid'),
(158, 170, 50000.00, 50000.00, NULL, 'Paid'),
(159, 171, 50000.00, 50000.00, NULL, 'Paid'),
(160, 172, 50000.00, 50000.00, NULL, 'Paid'),
(161, 173, 50000.00, 50000.00, NULL, 'Paid'),
(162, 174, 50000.00, 50000.00, NULL, 'Paid'),
(163, 175, 50000.00, 50000.00, NULL, 'Paid'),
(164, 176, 50000.00, 50000.00, NULL, 'Paid'),
(165, 177, 50000.00, 50000.00, NULL, 'Paid'),
(166, 178, 50000.00, 50000.00, NULL, 'Paid'),
(167, 179, 50000.00, 50000.00, NULL, 'Paid'),
(168, 180, 50000.00, 50000.00, NULL, 'Paid'),
(169, 182, 50000.00, 50000.00, NULL, 'Paid'),
(170, 183, 50000.00, 50000.00, NULL, 'Paid'),
(171, 184, 50000.00, 50000.00, NULL, 'Paid'),
(172, 185, 50000.00, 50000.00, NULL, 'Paid'),
(173, 186, 50000.00, 50000.00, NULL, 'Paid'),
(174, 187, 50000.00, 50000.00, NULL, 'Paid'),
(175, 188, 50000.00, 50000.00, NULL, 'Paid'),
(176, 189, 50000.00, 50000.00, NULL, 'Paid'),
(177, 190, 50000.00, 50000.00, NULL, 'Paid'),
(178, 191, 50000.00, 50000.00, NULL, 'Paid'),
(179, 192, 50000.00, 50000.00, NULL, 'Paid'),
(180, 193, 50000.00, 50000.00, NULL, 'Paid'),
(181, 194, 50000.00, 50000.00, NULL, 'Paid'),
(182, 195, 50000.00, 50000.00, NULL, 'Paid'),
(183, 197, 50000.00, 50000.00, NULL, 'Paid'),
(184, 198, 50000.00, 50000.00, NULL, 'Paid'),
(185, 199, 50000.00, 50000.00, NULL, 'Paid'),
(186, 200, 50000.00, 50000.00, NULL, 'Paid'),
(187, 201, 50000.00, 50000.00, NULL, 'Paid'),
(188, 202, 50000.00, 50000.00, NULL, 'Paid'),
(189, 203, 50000.00, 50000.00, NULL, 'Paid'),
(190, 204, 50000.00, 50000.00, NULL, 'Paid'),
(191, 205, 50000.00, 50000.00, NULL, 'Paid'),
(192, 206, 50000.00, 50000.00, NULL, 'Paid'),
(193, 207, 50000.00, 50000.00, NULL, 'Paid'),
(194, 208, 50000.00, 50000.00, NULL, 'Paid'),
(195, 209, 50000.00, 50000.00, NULL, 'Paid'),
(196, 210, 50000.00, 50000.00, NULL, 'Paid'),
(197, 212, 50000.00, 50000.00, NULL, 'Paid'),
(198, 213, 50000.00, 50000.00, NULL, 'Paid'),
(199, 214, 50000.00, 50000.00, NULL, 'Paid'),
(200, 215, 50000.00, 50000.00, NULL, 'Paid'),
(201, 216, 50000.00, 50000.00, NULL, 'Paid'),
(202, 217, 50000.00, 50000.00, NULL, 'Paid'),
(203, 218, 50000.00, 50000.00, NULL, 'Paid'),
(204, 219, 50000.00, 50000.00, NULL, 'Paid'),
(205, 220, 50000.00, 50000.00, NULL, 'Paid'),
(206, 221, 50000.00, 50000.00, NULL, 'Paid'),
(207, 222, 50000.00, 50000.00, NULL, 'Paid'),
(208, 223, 50000.00, 50000.00, NULL, 'Paid'),
(209, 224, 50000.00, 50000.00, NULL, 'Paid'),
(210, 225, 50000.00, 50000.00, NULL, 'Paid'),
(211, 227, 50000.00, 50000.00, NULL, 'Paid'),
(212, 228, 50000.00, 50000.00, NULL, 'Paid'),
(213, 229, 50000.00, 50000.00, NULL, 'Paid'),
(214, 230, 50000.00, 50000.00, NULL, 'Paid'),
(215, 231, 50000.00, 50000.00, NULL, 'Paid'),
(216, 232, 50000.00, 50000.00, NULL, 'Paid'),
(217, 233, 50000.00, 50000.00, NULL, 'Paid'),
(218, 234, 50000.00, 50000.00, NULL, 'Paid'),
(219, 235, 50000.00, 50000.00, NULL, 'Paid'),
(220, 236, 50000.00, 50000.00, NULL, 'Paid'),
(221, 237, 50000.00, 50000.00, NULL, 'Paid'),
(222, 238, 50000.00, 50000.00, NULL, 'Paid'),
(223, 239, 50000.00, 50000.00, NULL, 'Paid'),
(224, 240, 50000.00, 50000.00, NULL, 'Paid'),
(225, 242, 50000.00, 50000.00, NULL, 'Paid'),
(226, 243, 50000.00, 50000.00, NULL, 'Paid'),
(227, 244, 50000.00, 50000.00, NULL, 'Paid'),
(228, 245, 50000.00, 50000.00, NULL, 'Paid'),
(229, 246, 50000.00, 50000.00, NULL, 'Paid'),
(230, 247, 50000.00, 50000.00, NULL, 'Paid'),
(231, 248, 50000.00, 50000.00, NULL, 'Paid'),
(232, 249, 50000.00, 50000.00, NULL, 'Paid'),
(233, 250, 50000.00, 50000.00, NULL, 'Paid'),
(234, 251, 50000.00, 50000.00, NULL, 'Paid'),
(235, 252, 50000.00, 50000.00, NULL, 'Paid'),
(236, 253, 50000.00, 50000.00, NULL, 'Paid'),
(237, 254, 50000.00, 50000.00, NULL, 'Paid'),
(238, 255, 50000.00, 50000.00, NULL, 'Paid'),
(239, 257, 50000.00, 50000.00, NULL, 'Paid'),
(240, 258, 50000.00, 50000.00, NULL, 'Paid'),
(241, 259, 50000.00, 50000.00, NULL, 'Paid'),
(242, 260, 50000.00, 50000.00, NULL, 'Paid'),
(243, 261, 50000.00, 50000.00, NULL, 'Paid'),
(244, 262, 50000.00, 50000.00, NULL, 'Paid'),
(245, 263, 50000.00, 50000.00, NULL, 'Paid'),
(246, 264, 50000.00, 50000.00, NULL, 'Paid'),
(247, 265, 50000.00, 50000.00, NULL, 'Paid'),
(248, 266, 50000.00, 50000.00, NULL, 'Paid'),
(249, 267, 50000.00, 50000.00, NULL, 'Paid'),
(250, 268, 50000.00, 50000.00, NULL, 'Paid'),
(251, 269, 50000.00, 50000.00, NULL, 'Paid'),
(252, 270, 50000.00, 50000.00, NULL, 'Paid'),
(253, 272, 50000.00, 50000.00, NULL, 'Paid'),
(254, 273, 50000.00, 50000.00, NULL, 'Paid'),
(255, 274, 50000.00, 50000.00, NULL, 'Paid'),
(256, 275, 50000.00, 50000.00, NULL, 'Paid'),
(257, 276, 50000.00, 50000.00, NULL, 'Paid'),
(258, 277, 50000.00, 50000.00, NULL, 'Paid'),
(259, 278, 50000.00, 50000.00, NULL, 'Paid'),
(260, 279, 50000.00, 50000.00, NULL, 'Paid'),
(261, 280, 50000.00, 50000.00, NULL, 'Paid'),
(262, 281, 50000.00, 50000.00, NULL, 'Paid'),
(263, 282, 50000.00, 50000.00, NULL, 'Paid'),
(264, 283, 50000.00, 50000.00, NULL, 'Paid'),
(265, 284, 50000.00, 50000.00, NULL, 'Paid'),
(266, 285, 50000.00, 50000.00, NULL, 'Paid'),
(267, 287, 50000.00, 50000.00, NULL, 'Paid'),
(268, 288, 50000.00, 50000.00, NULL, 'Paid'),
(269, 289, 50000.00, 50000.00, NULL, 'Paid'),
(270, 290, 50000.00, 50000.00, NULL, 'Paid'),
(271, 291, 50000.00, 50000.00, NULL, 'Paid'),
(272, 292, 50000.00, 50000.00, NULL, 'Paid'),
(273, 293, 50000.00, 50000.00, NULL, 'Paid'),
(274, 294, 50000.00, 50000.00, NULL, 'Paid'),
(275, 295, 50000.00, 50000.00, NULL, 'Paid'),
(276, 296, 50000.00, 50000.00, NULL, 'Paid'),
(277, 297, 50000.00, 50000.00, NULL, 'Paid'),
(278, 298, 50000.00, 50000.00, NULL, 'Paid'),
(279, 299, 50000.00, 50000.00, NULL, 'Paid'),
(280, 300, 50000.00, 50000.00, NULL, 'Paid'),
(281, 302, 50000.00, 50000.00, NULL, 'Paid'),
(282, 303, 50000.00, 50000.00, NULL, 'Paid'),
(283, 304, 50000.00, 50000.00, NULL, 'Paid'),
(284, 305, 50000.00, 50000.00, NULL, 'Paid'),
(285, 306, 50000.00, 50000.00, NULL, 'Paid'),
(286, 307, 50000.00, 50000.00, NULL, 'Paid'),
(287, 308, 50000.00, 50000.00, NULL, 'Paid'),
(288, 309, 50000.00, 50000.00, NULL, 'Paid'),
(289, 310, 50000.00, 50000.00, NULL, 'Paid'),
(290, 311, 50000.00, 50000.00, NULL, 'Paid'),
(291, 312, 50000.00, 50000.00, NULL, 'Paid'),
(292, 313, 50000.00, 50000.00, NULL, 'Paid'),
(293, 314, 50000.00, 50000.00, NULL, 'Paid'),
(294, 315, 50000.00, 50000.00, NULL, 'Paid'),
(295, 317, 50000.00, 50000.00, NULL, 'Paid'),
(296, 318, 50000.00, 50000.00, NULL, 'Paid'),
(297, 319, 50000.00, 50000.00, NULL, 'Paid'),
(298, 320, 50000.00, 50000.00, NULL, 'Paid'),
(299, 321, 50000.00, 50000.00, NULL, 'Paid'),
(300, 322, 50000.00, 50000.00, NULL, 'Paid'),
(301, 323, 50000.00, 50000.00, NULL, 'Paid'),
(302, 324, 50000.00, 50000.00, NULL, 'Paid'),
(303, 325, 50000.00, 50000.00, NULL, 'Paid'),
(304, 326, 50000.00, 50000.00, NULL, 'Paid'),
(305, 327, 50000.00, 50000.00, NULL, 'Paid'),
(306, 328, 50000.00, 50000.00, NULL, 'Paid'),
(307, 329, 50000.00, 50000.00, NULL, 'Paid'),
(308, 330, 50000.00, 50000.00, NULL, 'Paid'),
(309, 332, 50000.00, 50000.00, NULL, 'Paid'),
(310, 333, 50000.00, 50000.00, NULL, 'Paid'),
(311, 334, 50000.00, 50000.00, NULL, 'Paid'),
(312, 335, 50000.00, 50000.00, NULL, 'Paid'),
(313, 336, 50000.00, 50000.00, NULL, 'Paid'),
(314, 337, 50000.00, 50000.00, NULL, 'Paid'),
(315, 338, 50000.00, 50000.00, NULL, 'Paid'),
(316, 339, 50000.00, 50000.00, NULL, 'Paid'),
(317, 340, 50000.00, 50000.00, NULL, 'Paid'),
(318, 341, 50000.00, 50000.00, NULL, 'Paid'),
(319, 342, 50000.00, 50000.00, NULL, 'Paid'),
(320, 343, 50000.00, 50000.00, NULL, 'Paid'),
(321, 344, 50000.00, 50000.00, NULL, 'Paid'),
(322, 345, 50000.00, 50000.00, NULL, 'Paid'),
(323, 347, 50000.00, 50000.00, NULL, 'Paid'),
(324, 348, 50000.00, 50000.00, NULL, 'Paid'),
(325, 349, 50000.00, 50000.00, NULL, 'Paid'),
(326, 350, 50000.00, 50000.00, NULL, 'Paid'),
(327, 351, 50000.00, 50000.00, NULL, 'Paid');

-- --------------------------------------------------------

--
-- Table structure for table `grades`
--

CREATE TABLE `grades` (
  `id` int(11) NOT NULL,
  `user_id` int(11) DEFAULT NULL,
  `subject_name` varchar(100) DEFAULT NULL,
  `marks_obtained` int(11) DEFAULT NULL,
  `total_marks` int(11) DEFAULT 100,
  `semester` varchar(20) DEFAULT NULL
) ENGINE=InnoDB DEFAULT CHARSET=utf8mb4 COLLATE=utf8mb4_general_ci;

--
-- Dumping data for table `grades`
--

INSERT INTO `grades` (`id`, `user_id`, `subject_name`, `marks_obtained`, `total_marks`, `semester`) VALUES
(1, 2, 'Maths', 65, 100, NULL),
(2, 2, 'Science', 45, 100, NULL),
(3, 2, 'Coding', 32, 100, NULL),
(4, 3, 'Maths', 85, 100, NULL),
(5, 3, 'Science', 65, 100, NULL),
(6, 3, 'Coding', 45, 100, NULL),
(7, 4, 'Maths', 32, 100, NULL),
(8, 4, 'Science', 85, 100, NULL),
(9, 4, 'Coding', 65, 100, NULL),
(10, 5, 'Maths', 45, 100, NULL),
(11, 5, 'Science', 32, 100, NULL),
(12, 5, 'Coding', 85, 100, NULL),
(13, 6, 'Maths', 65, 100, NULL),
(14, 6, 'Science', 45, 100, NULL),
(15, 6, 'Coding', 32, 100, NULL),
(16, 7, 'Maths', 85, 100, NULL),
(17, 7, 'Science', 65, 100, NULL),
(18, 7, 'Coding', 45, 100, NULL),
(19, 8, 'Maths', 32, 100, NULL),
(20, 8, 'Science', 85, 100, NULL),
(21, 8, 'Coding', 65, 100, NULL),
(22, 9, 'Maths', 45, 100, NULL),
(23, 9, 'Science', 32, 100, NULL),
(24, 9, 'Coding', 85, 100, NULL),
(25, 10, 'Maths', 65, 100, NULL),
(26, 10, 'Science', 45, 100, NULL),
(27, 10, 'Coding', 32, 100, NULL),
(28, 11, 'Maths', 85, 100, NULL),
(29, 11, 'Science', 65, 100, NULL),
(30, 11, 'Coding', 45, 100, NULL),
(31, 12, 'Maths', 32, 100, NULL),
(32, 12, 'Science', 85, 100, NULL),
(33, 12, 'Coding', 65, 100, NULL),
(34, 13, 'Maths', 45, 100, NULL),
(35, 13, 'Science', 32, 100, NULL),
(36, 13, 'Coding', 85, 100, NULL),
(37, 14, 'Maths', 65, 100, NULL),
(38, 14, 'Science', 45, 100, NULL),
(39, 14, 'Coding', 32, 100, NULL),
(40, 15, 'Maths', 85, 100, NULL),
(41, 15, 'Science', 65, 100, NULL),
(42, 15, 'Coding', 45, 100, NULL),
(43, 17, 'Maths', 32, 100, NULL),
(44, 17, 'Science', 85, 100, NULL),
(45, 17, 'Coding', 65, 100, NULL),
(46, 18, 'Maths', 45, 100, NULL),
(47, 18, 'Science', 32, 100, NULL),
(48, 18, 'Coding', 85, 100, NULL),
(49, 19, 'Maths', 65, 100, NULL),
(50, 19, 'Science', 45, 100, NULL),
(51, 19, 'Coding', 32, 100, NULL),
(52, 20, 'Maths', 85, 100, NULL),
(53, 20, 'Science', 65, 100, NULL),
(54, 20, 'Coding', 45, 100, NULL),
(55, 21, 'Maths', 32, 100, NULL),
(56, 21, 'Science', 85, 100, NULL),
(57, 21, 'Coding', 65, 100, NULL),
(58, 22, 'Maths', 45, 100, NULL),
(59, 22, 'Science', 32, 100, NULL),
(60, 22, 'Coding', 85, 100, NULL),
(61, 23, 'Maths', 65, 100, NULL),
(62, 23, 'Science', 45, 100, NULL),
(63, 23, 'Coding', 32, 100, NULL),
(64, 24, 'Maths', 85, 100, NULL),
(65, 24, 'Science', 65, 100, NULL),
(66, 24, 'Coding', 45, 100, NULL),
(67, 25, 'Maths', 32, 100, NULL),
(68, 25, 'Science', 85, 100, NULL),
(69, 25, 'Coding', 65, 100, NULL),
(70, 26, 'Maths', 45, 100, NULL),
(71, 26, 'Science', 32, 100, NULL),
(72, 26, 'Coding', 85, 100, NULL),
(73, 27, 'Maths', 65, 100, NULL),
(74, 27, 'Science', 45, 100, NULL),
(75, 27, 'Coding', 32, 100, NULL),
(76, 28, 'Maths', 85, 100, NULL),
(77, 28, 'Science', 65, 100, NULL),
(78, 28, 'Coding', 45, 100, NULL),
(79, 29, 'Maths', 32, 100, NULL),
(80, 29, 'Science', 85, 100, NULL),
(81, 29, 'Coding', 65, 100, NULL),
(82, 30, 'Maths', 45, 100, NULL),
(83, 30, 'Science', 32, 100, NULL),
(84, 30, 'Coding', 85, 100, NULL),
(85, 32, 'Maths', 65, 100, NULL),
(86, 32, 'Science', 45, 100, NULL),
(87, 32, 'Coding', 32, 100, NULL),
(88, 33, 'Maths', 85, 100, NULL),
(89, 33, 'Science', 65, 100, NULL),
(90, 33, 'Coding', 45, 100, NULL),
(91, 34, 'Maths', 32, 100, NULL),
(92, 34, 'Science', 85, 100, NULL),
(93, 34, 'Coding', 65, 100, NULL),
(94, 35, 'Maths', 45, 100, NULL),
(95, 35, 'Science', 32, 100, NULL),
(96, 35, 'Coding', 85, 100, NULL),
(97, 36, 'Maths', 65, 100, NULL),
(98, 36, 'Science', 45, 100, NULL),
(99, 36, 'Coding', 32, 100, NULL),
(100, 37, 'Maths', 85, 100, NULL),
(101, 37, 'Science', 65, 100, NULL),
(102, 37, 'Coding', 45, 100, NULL),
(103, 38, 'Maths', 32, 100, NULL),
(104, 38, 'Science', 85, 100, NULL),
(105, 38, 'Coding', 65, 100, NULL),
(106, 39, 'Maths', 45, 100, NULL),
(107, 39, 'Science', 32, 100, NULL),
(108, 39, 'Coding', 85, 100, NULL),
(109, 40, 'Maths', 65, 100, NULL),
(110, 40, 'Science', 45, 100, NULL),
(111, 40, 'Coding', 32, 100, NULL),
(112, 41, 'Maths', 85, 100, NULL),
(113, 41, 'Science', 65, 100, NULL),
(114, 41, 'Coding', 45, 100, NULL),
(115, 42, 'Maths', 32, 100, NULL),
(116, 42, 'Science', 85, 100, NULL),
(117, 42, 'Coding', 65, 100, NULL),
(118, 43, 'Maths', 45, 100, NULL),
(119, 43, 'Science', 32, 100, NULL),
(120, 43, 'Coding', 85, 100, NULL),
(121, 44, 'Maths', 65, 100, NULL),
(122, 44, 'Science', 45, 100, NULL),
(123, 44, 'Coding', 32, 100, NULL),
(124, 45, 'Maths', 85, 100, NULL),
(125, 45, 'Science', 65, 100, NULL),
(126, 45, 'Coding', 45, 100, NULL),
(127, 47, 'Maths', 32, 100, NULL),
(128, 47, 'Science', 85, 100, NULL),
(129, 47, 'Coding', 65, 100, NULL),
(130, 48, 'Maths', 45, 100, NULL),
(131, 48, 'Science', 32, 100, NULL),
(132, 48, 'Coding', 85, 100, NULL),
(133, 49, 'Maths', 65, 100, NULL),
(134, 49, 'Science', 45, 100, NULL),
(135, 49, 'Coding', 32, 100, NULL),
(136, 50, 'Maths', 85, 100, NULL),
(137, 50, 'Science', 65, 100, NULL),
(138, 50, 'Coding', 45, 100, NULL),
(139, 51, 'Maths', 32, 100, NULL),
(140, 51, 'Science', 85, 100, NULL),
(141, 51, 'Coding', 65, 100, NULL),
(142, 52, 'Maths', 45, 100, NULL),
(143, 52, 'Science', 32, 100, NULL),
(144, 52, 'Coding', 85, 100, NULL),
(145, 53, 'Maths', 65, 100, NULL),
(146, 53, 'Science', 45, 100, NULL),
(147, 53, 'Coding', 32, 100, NULL),
(148, 54, 'Maths', 85, 100, NULL),
(149, 54, 'Science', 65, 100, NULL),
(150, 54, 'Coding', 45, 100, NULL),
(151, 55, 'Maths', 32, 100, NULL),
(152, 55, 'Science', 85, 100, NULL),
(153, 55, 'Coding', 65, 100, NULL),
(154, 56, 'Maths', 45, 100, NULL),
(155, 56, 'Science', 32, 100, NULL),
(156, 56, 'Coding', 85, 100, NULL),
(157, 57, 'Maths', 65, 100, NULL),
(158, 57, 'Science', 45, 100, NULL),
(159, 57, 'Coding', 32, 100, NULL),
(160, 58, 'Maths', 85, 100, NULL),
(161, 58, 'Science', 65, 100, NULL),
(162, 58, 'Coding', 45, 100, NULL),
(163, 59, 'Maths', 32, 100, NULL),
(164, 59, 'Science', 85, 100, NULL),
(165, 59, 'Coding', 65, 100, NULL),
(166, 60, 'Maths', 45, 100, NULL),
(167, 60, 'Science', 32, 100, NULL),
(168, 60, 'Coding', 85, 100, NULL),
(169, 62, 'Maths', 65, 100, NULL),
(170, 62, 'Science', 45, 100, NULL),
(171, 62, 'Coding', 32, 100, NULL),
(172, 63, 'Maths', 85, 100, NULL),
(173, 63, 'Science', 65, 100, NULL),
(174, 63, 'Coding', 45, 100, NULL),
(175, 64, 'Maths', 32, 100, NULL),
(176, 64, 'Science', 85, 100, NULL),
(177, 64, 'Coding', 65, 100, NULL),
(178, 65, 'Maths', 45, 100, NULL),
(179, 65, 'Science', 32, 100, NULL),
(180, 65, 'Coding', 85, 100, NULL),
(181, 66, 'Maths', 65, 100, NULL),
(182, 66, 'Science', 45, 100, NULL),
(183, 66, 'Coding', 32, 100, NULL),
(184, 67, 'Maths', 85, 100, NULL),
(185, 67, 'Science', 65, 100, NULL),
(186, 67, 'Coding', 45, 100, NULL),
(187, 68, 'Maths', 32, 100, NULL),
(188, 68, 'Science', 85, 100, NULL),
(189, 68, 'Coding', 65, 100, NULL),
(190, 69, 'Maths', 45, 100, NULL),
(191, 69, 'Science', 32, 100, NULL),
(192, 69, 'Coding', 85, 100, NULL),
(193, 70, 'Maths', 65, 100, NULL),
(194, 70, 'Science', 45, 100, NULL),
(195, 70, 'Coding', 32, 100, NULL),
(196, 71, 'Maths', 85, 100, NULL),
(197, 71, 'Science', 65, 100, NULL),
(198, 71, 'Coding', 45, 100, NULL),
(199, 72, 'Maths', 32, 100, NULL),
(200, 72, 'Science', 85, 100, NULL),
(201, 72, 'Coding', 65, 100, NULL),
(202, 73, 'Maths', 45, 100, NULL),
(203, 73, 'Science', 32, 100, NULL),
(204, 73, 'Coding', 85, 100, NULL),
(205, 74, 'Maths', 65, 100, NULL),
(206, 74, 'Science', 45, 100, NULL),
(207, 74, 'Coding', 32, 100, NULL),
(208, 75, 'Maths', 85, 100, NULL),
(209, 75, 'Science', 65, 100, NULL),
(210, 75, 'Coding', 45, 100, NULL),
(211, 77, 'Maths', 32, 100, NULL),
(212, 77, 'Science', 85, 100, NULL),
(213, 77, 'Coding', 65, 100, NULL),
(214, 78, 'Maths', 45, 100, NULL),
(215, 78, 'Science', 32, 100, NULL),
(216, 78, 'Coding', 85, 100, NULL),
(217, 79, 'Maths', 65, 100, NULL),
(218, 79, 'Science', 45, 100, NULL),
(219, 79, 'Coding', 32, 100, NULL),
(220, 80, 'Maths', 85, 100, NULL),
(221, 80, 'Science', 65, 100, NULL),
(222, 80, 'Coding', 45, 100, NULL),
(223, 81, 'Maths', 32, 100, NULL),
(224, 81, 'Science', 85, 100, NULL),
(225, 81, 'Coding', 65, 100, NULL),
(226, 82, 'Maths', 45, 100, NULL),
(227, 82, 'Science', 32, 100, NULL),
(228, 82, 'Coding', 85, 100, NULL),
(229, 83, 'Maths', 65, 100, NULL),
(230, 83, 'Science', 45, 100, NULL),
(231, 83, 'Coding', 32, 100, NULL),
(232, 84, 'Maths', 85, 100, NULL),
(233, 84, 'Science', 65, 100, NULL),
(234, 84, 'Coding', 45, 100, NULL),
(235, 85, 'Maths', 32, 100, NULL),
(236, 85, 'Science', 85, 100, NULL),
(237, 85, 'Coding', 65, 100, NULL),
(238, 86, 'Maths', 45, 100, NULL),
(239, 86, 'Science', 32, 100, NULL),
(240, 86, 'Coding', 85, 100, NULL),
(241, 87, 'Maths', 65, 100, NULL),
(242, 87, 'Science', 45, 100, NULL),
(243, 87, 'Coding', 32, 100, NULL),
(244, 88, 'Maths', 85, 100, NULL),
(245, 88, 'Science', 65, 100, NULL),
(246, 88, 'Coding', 45, 100, NULL),
(247, 89, 'Maths', 32, 100, NULL),
(248, 89, 'Science', 85, 100, NULL),
(249, 89, 'Coding', 65, 100, NULL),
(250, 90, 'Maths', 45, 100, NULL),
(251, 90, 'Science', 32, 100, NULL),
(252, 90, 'Coding', 85, 100, NULL),
(253, 92, 'Maths', 65, 100, NULL),
(254, 92, 'Science', 45, 100, NULL),
(255, 92, 'Coding', 32, 100, NULL),
(256, 93, 'Maths', 85, 100, NULL),
(257, 93, 'Science', 65, 100, NULL),
(258, 93, 'Coding', 45, 100, NULL),
(259, 94, 'Maths', 32, 100, NULL),
(260, 94, 'Science', 85, 100, NULL),
(261, 94, 'Coding', 65, 100, NULL),
(262, 95, 'Maths', 45, 100, NULL),
(263, 95, 'Science', 32, 100, NULL),
(264, 95, 'Coding', 85, 100, NULL),
(265, 96, 'Maths', 65, 100, NULL),
(266, 96, 'Science', 45, 100, NULL),
(267, 96, 'Coding', 32, 100, NULL),
(268, 97, 'Maths', 85, 100, NULL),
(269, 97, 'Science', 65, 100, NULL),
(270, 97, 'Coding', 45, 100, NULL),
(271, 98, 'Maths', 32, 100, NULL),
(272, 98, 'Science', 85, 100, NULL),
(273, 98, 'Coding', 65, 100, NULL),
(274, 99, 'Maths', 45, 100, NULL),
(275, 99, 'Science', 32, 100, NULL),
(276, 99, 'Coding', 85, 100, NULL),
(277, 100, 'Maths', 65, 100, NULL),
(278, 100, 'Science', 45, 100, NULL),
(279, 100, 'Coding', 32, 100, NULL),
(280, 101, 'Maths', 85, 100, NULL),
(281, 101, 'Science', 65, 100, NULL),
(282, 101, 'Coding', 45, 100, NULL),
(283, 102, 'Maths', 32, 100, NULL),
(284, 102, 'Science', 85, 100, NULL),
(285, 102, 'Coding', 65, 100, NULL),
(286, 103, 'Maths', 45, 100, NULL),
(287, 103, 'Science', 32, 100, NULL),
(288, 103, 'Coding', 85, 100, NULL),
(289, 104, 'Maths', 65, 100, NULL),
(290, 104, 'Science', 45, 100, NULL),
(291, 104, 'Coding', 32, 100, NULL),
(292, 105, 'Maths', 85, 100, NULL),
(293, 105, 'Science', 65, 100, NULL),
(294, 105, 'Coding', 45, 100, NULL),
(295, 107, 'Maths', 32, 100, NULL),
(296, 107, 'Science', 85, 100, NULL),
(297, 107, 'Coding', 65, 100, NULL),
(298, 108, 'Maths', 45, 100, NULL),
(299, 108, 'Science', 32, 100, NULL),
(300, 108, 'Coding', 85, 100, NULL),
(301, 109, 'Maths', 65, 100, NULL),
(302, 109, 'Science', 45, 100, NULL),
(303, 109, 'Coding', 32, 100, NULL),
(304, 110, 'Maths', 85, 100, NULL),
(305, 110, 'Science', 65, 100, NULL),
(306, 110, 'Coding', 45, 100, NULL),
(307, 111, 'Maths', 32, 100, NULL),
(308, 111, 'Science', 85, 100, NULL),
(309, 111, 'Coding', 65, 100, NULL),
(310, 112, 'Maths', 45, 100, NULL),
(311, 112, 'Science', 32, 100, NULL),
(312, 112, 'Coding', 85, 100, NULL),
(313, 113, 'Maths', 65, 100, NULL),
(314, 113, 'Science', 45, 100, NULL),
(315, 113, 'Coding', 32, 100, NULL),
(316, 114, 'Maths', 85, 100, NULL),
(317, 114, 'Science', 65, 100, NULL),
(318, 114, 'Coding', 45, 100, NULL),
(319, 115, 'Maths', 32, 100, NULL),
(320, 115, 'Science', 85, 100, NULL),
(321, 115, 'Coding', 65, 100, NULL),
(322, 116, 'Maths', 45, 100, NULL),
(323, 116, 'Science', 32, 100, NULL),
(324, 116, 'Coding', 85, 100, NULL),
(325, 117, 'Maths', 65, 100, NULL),
(326, 117, 'Science', 45, 100, NULL),
(327, 117, 'Coding', 32, 100, NULL),
(328, 118, 'Maths', 85, 100, NULL),
(329, 118, 'Science', 65, 100, NULL),
(330, 118, 'Coding', 45, 100, NULL),
(331, 119, 'Maths', 32, 100, NULL),
(332, 119, 'Science', 85, 100, NULL),
(333, 119, 'Coding', 65, 100, NULL),
(334, 120, 'Maths', 45, 100, NULL),
(335, 120, 'Science', 32, 100, NULL),
(336, 120, 'Coding', 85, 100, NULL),
(337, 122, 'Maths', 65, 100, NULL),
(338, 122, 'Science', 45, 100, NULL),
(339, 122, 'Coding', 32, 100, NULL),
(340, 123, 'Maths', 85, 100, NULL),
(341, 123, 'Science', 65, 100, NULL),
(342, 123, 'Coding', 45, 100, NULL),
(343, 124, 'Maths', 32, 100, NULL),
(344, 124, 'Science', 85, 100, NULL),
(345, 124, 'Coding', 65, 100, NULL),
(346, 125, 'Maths', 45, 100, NULL),
(347, 125, 'Science', 32, 100, NULL),
(348, 125, 'Coding', 85, 100, NULL),
(349, 126, 'Maths', 65, 100, NULL),
(350, 126, 'Science', 45, 100, NULL),
(351, 126, 'Coding', 32, 100, NULL),
(352, 127, 'Maths', 85, 100, NULL),
(353, 127, 'Science', 65, 100, NULL),
(354, 127, 'Coding', 45, 100, NULL),
(355, 128, 'Maths', 32, 100, NULL),
(356, 128, 'Science', 85, 100, NULL),
(357, 128, 'Coding', 65, 100, NULL),
(358, 129, 'Maths', 45, 100, NULL),
(359, 129, 'Science', 32, 100, NULL),
(360, 129, 'Coding', 85, 100, NULL),
(361, 130, 'Maths', 65, 100, NULL),
(362, 130, 'Science', 45, 100, NULL),
(363, 130, 'Coding', 32, 100, NULL),
(364, 131, 'Maths', 85, 100, NULL),
(365, 131, 'Science', 65, 100, NULL),
(366, 131, 'Coding', 45, 100, NULL),
(367, 132, 'Maths', 32, 100, NULL),
(368, 132, 'Science', 85, 100, NULL),
(369, 132, 'Coding', 65, 100, NULL),
(370, 133, 'Maths', 45, 100, NULL),
(371, 133, 'Science', 32, 100, NULL),
(372, 133, 'Coding', 85, 100, NULL),
(373, 134, 'Maths', 65, 100, NULL),
(374, 134, 'Science', 45, 100, NULL),
(375, 134, 'Coding', 32, 100, NULL),
(376, 135, 'Maths', 85, 100, NULL),
(377, 135, 'Science', 65, 100, NULL),
(378, 135, 'Coding', 45, 100, NULL),
(379, 137, 'Maths', 32, 100, NULL),
(380, 137, 'Science', 85, 100, NULL),
(381, 137, 'Coding', 65, 100, NULL),
(382, 138, 'Maths', 45, 100, NULL),
(383, 138, 'Science', 32, 100, NULL),
(384, 138, 'Coding', 85, 100, NULL),
(385, 139, 'Maths', 65, 100, NULL),
(386, 139, 'Science', 45, 100, NULL),
(387, 139, 'Coding', 32, 100, NULL),
(388, 140, 'Maths', 85, 100, NULL),
(389, 140, 'Science', 65, 100, NULL),
(390, 140, 'Coding', 45, 100, NULL),
(391, 141, 'Maths', 32, 100, NULL),
(392, 141, 'Science', 85, 100, NULL),
(393, 141, 'Coding', 65, 100, NULL),
(394, 142, 'Maths', 45, 100, NULL),
(395, 142, 'Science', 32, 100, NULL),
(396, 142, 'Coding', 85, 100, NULL),
(397, 143, 'Maths', 65, 100, NULL),
(398, 143, 'Science', 45, 100, NULL),
(399, 143, 'Coding', 32, 100, NULL),
(400, 144, 'Maths', 85, 100, NULL),
(401, 144, 'Science', 65, 100, NULL),
(402, 144, 'Coding', 45, 100, NULL),
(403, 145, 'Maths', 32, 100, NULL),
(404, 145, 'Science', 85, 100, NULL),
(405, 145, 'Coding', 65, 100, NULL),
(406, 146, 'Maths', 45, 100, NULL),
(407, 146, 'Science', 32, 100, NULL),
(408, 146, 'Coding', 85, 100, NULL),
(409, 147, 'Maths', 65, 100, NULL),
(410, 147, 'Science', 45, 100, NULL),
(411, 147, 'Coding', 32, 100, NULL),
(412, 148, 'Maths', 85, 100, NULL),
(413, 148, 'Science', 65, 100, NULL),
(414, 148, 'Coding', 45, 100, NULL),
(415, 149, 'Maths', 32, 100, NULL),
(416, 149, 'Science', 85, 100, NULL),
(417, 149, 'Coding', 65, 100, NULL),
(418, 150, 'Maths', 45, 100, NULL),
(419, 150, 'Science', 32, 100, NULL),
(420, 150, 'Coding', 85, 100, NULL),
(421, 152, 'Maths', 65, 100, NULL),
(422, 152, 'Science', 45, 100, NULL),
(423, 152, 'Coding', 32, 100, NULL),
(424, 153, 'Maths', 85, 100, NULL),
(425, 153, 'Science', 65, 100, NULL),
(426, 153, 'Coding', 45, 100, NULL),
(427, 154, 'Maths', 32, 100, NULL),
(428, 154, 'Science', 85, 100, NULL),
(429, 154, 'Coding', 65, 100, NULL),
(430, 155, 'Maths', 45, 100, NULL),
(431, 155, 'Science', 32, 100, NULL),
(432, 155, 'Coding', 85, 100, NULL),
(433, 156, 'Maths', 65, 100, NULL),
(434, 156, 'Science', 45, 100, NULL),
(435, 156, 'Coding', 32, 100, NULL),
(436, 157, 'Maths', 85, 100, NULL),
(437, 157, 'Science', 65, 100, NULL),
(438, 157, 'Coding', 45, 100, NULL),
(439, 158, 'Maths', 32, 100, NULL),
(440, 158, 'Science', 85, 100, NULL),
(441, 158, 'Coding', 65, 100, NULL),
(442, 159, 'Maths', 45, 100, NULL),
(443, 159, 'Science', 32, 100, NULL),
(444, 159, 'Coding', 85, 100, NULL),
(445, 160, 'Maths', 65, 100, NULL),
(446, 160, 'Science', 45, 100, NULL),
(447, 160, 'Coding', 32, 100, NULL),
(448, 161, 'Maths', 85, 100, NULL),
(449, 161, 'Science', 65, 100, NULL),
(450, 161, 'Coding', 45, 100, NULL),
(451, 162, 'Maths', 32, 100, NULL),
(452, 162, 'Science', 85, 100, NULL),
(453, 162, 'Coding', 65, 100, NULL),
(454, 163, 'Maths', 45, 100, NULL),
(455, 163, 'Science', 32, 100, NULL),
(456, 163, 'Coding', 85, 100, NULL),
(457, 164, 'Maths', 65, 100, NULL),
(458, 164, 'Science', 45, 100, NULL),
(459, 164, 'Coding', 32, 100, NULL),
(460, 165, 'Maths', 85, 100, NULL),
(461, 165, 'Science', 65, 100, NULL),
(462, 165, 'Coding', 45, 100, NULL),
(463, 167, 'Maths', 32, 100, NULL),
(464, 167, 'Science', 85, 100, NULL),
(465, 167, 'Coding', 65, 100, NULL),
(466, 168, 'Maths', 45, 100, NULL),
(467, 168, 'Science', 32, 100, NULL),
(468, 168, 'Coding', 85, 100, NULL),
(469, 169, 'Maths', 65, 100, NULL),
(470, 169, 'Science', 45, 100, NULL),
(471, 169, 'Coding', 32, 100, NULL),
(472, 170, 'Maths', 85, 100, NULL),
(473, 170, 'Science', 65, 100, NULL),
(474, 170, 'Coding', 45, 100, NULL),
(475, 171, 'Maths', 32, 100, NULL),
(476, 171, 'Science', 85, 100, NULL),
(477, 171, 'Coding', 65, 100, NULL),
(478, 172, 'Maths', 45, 100, NULL),
(479, 172, 'Science', 32, 100, NULL),
(480, 172, 'Coding', 85, 100, NULL),
(481, 173, 'Maths', 65, 100, NULL),
(482, 173, 'Science', 45, 100, NULL),
(483, 173, 'Coding', 32, 100, NULL),
(484, 174, 'Maths', 85, 100, NULL),
(485, 174, 'Science', 65, 100, NULL),
(486, 174, 'Coding', 45, 100, NULL),
(487, 175, 'Maths', 32, 100, NULL),
(488, 175, 'Science', 85, 100, NULL),
(489, 175, 'Coding', 65, 100, NULL),
(490, 176, 'Maths', 45, 100, NULL),
(491, 176, 'Science', 32, 100, NULL),
(492, 176, 'Coding', 85, 100, NULL),
(493, 177, 'Maths', 65, 100, NULL),
(494, 177, 'Science', 45, 100, NULL),
(495, 177, 'Coding', 32, 100, NULL),
(496, 178, 'Maths', 85, 100, NULL),
(497, 178, 'Science', 65, 100, NULL),
(498, 178, 'Coding', 45, 100, NULL),
(499, 179, 'Maths', 32, 100, NULL),
(500, 179, 'Science', 85, 100, NULL),
(501, 179, 'Coding', 65, 100, NULL),
(502, 180, 'Maths', 45, 100, NULL),
(503, 180, 'Science', 32, 100, NULL),
(504, 180, 'Coding', 85, 100, NULL),
(505, 182, 'Maths', 65, 100, NULL),
(506, 182, 'Science', 45, 100, NULL),
(507, 182, 'Coding', 32, 100, NULL),
(508, 183, 'Maths', 85, 100, NULL),
(509, 183, 'Science', 65, 100, NULL),
(510, 183, 'Coding', 45, 100, NULL),
(511, 184, 'Maths', 32, 100, NULL),
(512, 184, 'Science', 85, 100, NULL),
(513, 184, 'Coding', 65, 100, NULL),
(514, 185, 'Maths', 45, 100, NULL),
(515, 185, 'Science', 32, 100, NULL),
(516, 185, 'Coding', 85, 100, NULL),
(517, 186, 'Maths', 65, 100, NULL),
(518, 186, 'Science', 45, 100, NULL),
(519, 186, 'Coding', 32, 100, NULL),
(520, 187, 'Maths', 85, 100, NULL),
(521, 187, 'Science', 65, 100, NULL),
(522, 187, 'Coding', 45, 100, NULL),
(523, 188, 'Maths', 32, 100, NULL),
(524, 188, 'Science', 85, 100, NULL),
(525, 188, 'Coding', 65, 100, NULL),
(526, 189, 'Maths', 45, 100, NULL),
(527, 189, 'Science', 32, 100, NULL),
(528, 189, 'Coding', 85, 100, NULL),
(529, 190, 'Maths', 65, 100, NULL),
(530, 190, 'Science', 45, 100, NULL),
(531, 190, 'Coding', 32, 100, NULL),
(532, 191, 'Maths', 85, 100, NULL),
(533, 191, 'Science', 65, 100, NULL),
(534, 191, 'Coding', 45, 100, NULL),
(535, 192, 'Maths', 32, 100, NULL),
(536, 192, 'Science', 85, 100, NULL),
(537, 192, 'Coding', 65, 100, NULL),
(538, 193, 'Maths', 45, 100, NULL),
(539, 193, 'Science', 32, 100, NULL),
(540, 193, 'Coding', 85, 100, NULL),
(541, 194, 'Maths', 65, 100, NULL),
(542, 194, 'Science', 45, 100, NULL),
(543, 194, 'Coding', 32, 100, NULL),
(544, 195, 'Maths', 85, 100, NULL),
(545, 195, 'Science', 65, 100, NULL),
(546, 195, 'Coding', 45, 100, NULL),
(547, 197, 'Maths', 32, 100, NULL),
(548, 197, 'Science', 85, 100, NULL),
(549, 197, 'Coding', 65, 100, NULL),
(550, 198, 'Maths', 45, 100, NULL),
(551, 198, 'Science', 32, 100, NULL),
(552, 198, 'Coding', 85, 100, NULL),
(553, 199, 'Maths', 65, 100, NULL),
(554, 199, 'Science', 45, 100, NULL),
(555, 199, 'Coding', 32, 100, NULL),
(556, 200, 'Maths', 85, 100, NULL),
(557, 200, 'Science', 65, 100, NULL),
(558, 200, 'Coding', 45, 100, NULL),
(559, 201, 'Maths', 32, 100, NULL),
(560, 201, 'Science', 85, 100, NULL),
(561, 201, 'Coding', 65, 100, NULL),
(562, 202, 'Maths', 45, 100, NULL),
(563, 202, 'Science', 32, 100, NULL),
(564, 202, 'Coding', 85, 100, NULL),
(565, 203, 'Maths', 65, 100, NULL),
(566, 203, 'Science', 45, 100, NULL),
(567, 203, 'Coding', 32, 100, NULL),
(568, 204, 'Maths', 85, 100, NULL),
(569, 204, 'Science', 65, 100, NULL),
(570, 204, 'Coding', 45, 100, NULL),
(571, 205, 'Maths', 32, 100, NULL),
(572, 205, 'Science', 85, 100, NULL),
(573, 205, 'Coding', 65, 100, NULL),
(574, 206, 'Maths', 45, 100, NULL),
(575, 206, 'Science', 32, 100, NULL),
(576, 206, 'Coding', 85, 100, NULL),
(577, 207, 'Maths', 65, 100, NULL),
(578, 207, 'Science', 45, 100, NULL),
(579, 207, 'Coding', 32, 100, NULL),
(580, 208, 'Maths', 85, 100, NULL),
(581, 208, 'Science', 65, 100, NULL),
(582, 208, 'Coding', 45, 100, NULL),
(583, 209, 'Maths', 32, 100, NULL),
(584, 209, 'Science', 85, 100, NULL),
(585, 209, 'Coding', 65, 100, NULL),
(586, 210, 'Maths', 45, 100, NULL),
(587, 210, 'Science', 32, 100, NULL),
(588, 210, 'Coding', 85, 100, NULL),
(589, 212, 'Maths', 65, 100, NULL),
(590, 212, 'Science', 45, 100, NULL),
(591, 212, 'Coding', 32, 100, NULL),
(592, 213, 'Maths', 85, 100, NULL),
(593, 213, 'Science', 65, 100, NULL),
(594, 213, 'Coding', 45, 100, NULL),
(595, 214, 'Maths', 32, 100, NULL),
(596, 214, 'Science', 85, 100, NULL),
(597, 214, 'Coding', 65, 100, NULL),
(598, 215, 'Maths', 45, 100, NULL),
(599, 215, 'Science', 32, 100, NULL),
(600, 215, 'Coding', 85, 100, NULL),
(601, 216, 'Maths', 65, 100, NULL),
(602, 216, 'Science', 45, 100, NULL),
(603, 216, 'Coding', 32, 100, NULL),
(604, 217, 'Maths', 85, 100, NULL),
(605, 217, 'Science', 65, 100, NULL),
(606, 217, 'Coding', 45, 100, NULL),
(607, 218, 'Maths', 32, 100, NULL),
(608, 218, 'Science', 85, 100, NULL),
(609, 218, 'Coding', 65, 100, NULL),
(610, 219, 'Maths', 45, 100, NULL),
(611, 219, 'Science', 32, 100, NULL),
(612, 219, 'Coding', 85, 100, NULL),
(613, 220, 'Maths', 65, 100, NULL),
(614, 220, 'Science', 45, 100, NULL),
(615, 220, 'Coding', 32, 100, NULL),
(616, 221, 'Maths', 85, 100, NULL),
(617, 221, 'Science', 65, 100, NULL),
(618, 221, 'Coding', 45, 100, NULL),
(619, 222, 'Maths', 32, 100, NULL),
(620, 222, 'Science', 85, 100, NULL),
(621, 222, 'Coding', 65, 100, NULL),
(622, 223, 'Maths', 45, 100, NULL),
(623, 223, 'Science', 32, 100, NULL),
(624, 223, 'Coding', 85, 100, NULL),
(625, 224, 'Maths', 65, 100, NULL),
(626, 224, 'Science', 45, 100, NULL),
(627, 224, 'Coding', 32, 100, NULL),
(628, 225, 'Maths', 85, 100, NULL),
(629, 225, 'Science', 65, 100, NULL),
(630, 225, 'Coding', 45, 100, NULL),
(631, 227, 'Maths', 32, 100, NULL),
(632, 227, 'Science', 85, 100, NULL),
(633, 227, 'Coding', 65, 100, NULL),
(634, 228, 'Maths', 45, 100, NULL),
(635, 228, 'Science', 32, 100, NULL),
(636, 228, 'Coding', 85, 100, NULL),
(637, 229, 'Maths', 65, 100, NULL),
(638, 229, 'Science', 45, 100, NULL),
(639, 229, 'Coding', 32, 100, NULL),
(640, 230, 'Maths', 85, 100, NULL),
(641, 230, 'Science', 65, 100, NULL),
(642, 230, 'Coding', 45, 100, NULL),
(643, 231, 'Maths', 32, 100, NULL),
(644, 231, 'Science', 85, 100, NULL),
(645, 231, 'Coding', 65, 100, NULL),
(646, 232, 'Maths', 45, 100, NULL),
(647, 232, 'Science', 32, 100, NULL),
(648, 232, 'Coding', 85, 100, NULL),
(649, 233, 'Maths', 65, 100, NULL),
(650, 233, 'Science', 45, 100, NULL),
(651, 233, 'Coding', 32, 100, NULL),
(652, 234, 'Maths', 85, 100, NULL),
(653, 234, 'Science', 65, 100, NULL),
(654, 234, 'Coding', 45, 100, NULL),
(655, 235, 'Maths', 32, 100, NULL),
(656, 235, 'Science', 85, 100, NULL),
(657, 235, 'Coding', 65, 100, NULL),
(658, 236, 'Maths', 45, 100, NULL),
(659, 236, 'Science', 32, 100, NULL),
(660, 236, 'Coding', 85, 100, NULL),
(661, 237, 'Maths', 65, 100, NULL),
(662, 237, 'Science', 45, 100, NULL),
(663, 237, 'Coding', 32, 100, NULL),
(664, 238, 'Maths', 85, 100, NULL),
(665, 238, 'Science', 65, 100, NULL),
(666, 238, 'Coding', 45, 100, NULL),
(667, 239, 'Maths', 32, 100, NULL),
(668, 239, 'Science', 85, 100, NULL),
(669, 239, 'Coding', 65, 100, NULL),
(670, 240, 'Maths', 45, 100, NULL),
(671, 240, 'Science', 32, 100, NULL),
(672, 240, 'Coding', 85, 100, NULL),
(673, 242, 'Maths', 65, 100, NULL),
(674, 242, 'Science', 45, 100, NULL),
(675, 242, 'Coding', 32, 100, NULL),
(676, 243, 'Maths', 85, 100, NULL),
(677, 243, 'Science', 65, 100, NULL),
(678, 243, 'Coding', 45, 100, NULL),
(679, 244, 'Maths', 32, 100, NULL),
(680, 244, 'Science', 85, 100, NULL),
(681, 244, 'Coding', 65, 100, NULL),
(682, 245, 'Maths', 45, 100, NULL),
(683, 245, 'Science', 32, 100, NULL),
(684, 245, 'Coding', 85, 100, NULL),
(685, 246, 'Maths', 65, 100, NULL),
(686, 246, 'Science', 45, 100, NULL),
(687, 246, 'Coding', 32, 100, NULL),
(688, 247, 'Maths', 85, 100, NULL),
(689, 247, 'Science', 65, 100, NULL),
(690, 247, 'Coding', 45, 100, NULL),
(691, 248, 'Maths', 32, 100, NULL),
(692, 248, 'Science', 85, 100, NULL),
(693, 248, 'Coding', 65, 100, NULL),
(694, 249, 'Maths', 45, 100, NULL),
(695, 249, 'Science', 32, 100, NULL),
(696, 249, 'Coding', 85, 100, NULL),
(697, 250, 'Maths', 65, 100, NULL),
(698, 250, 'Science', 45, 100, NULL),
(699, 250, 'Coding', 32, 100, NULL),
(700, 251, 'Maths', 85, 100, NULL),
(701, 251, 'Science', 65, 100, NULL),
(702, 251, 'Coding', 45, 100, NULL),
(703, 252, 'Maths', 32, 100, NULL),
(704, 252, 'Science', 85, 100, NULL),
(705, 252, 'Coding', 65, 100, NULL),
(706, 253, 'Maths', 45, 100, NULL),
(707, 253, 'Science', 32, 100, NULL),
(708, 253, 'Coding', 85, 100, NULL),
(709, 254, 'Maths', 65, 100, NULL),
(710, 254, 'Science', 45, 100, NULL),
(711, 254, 'Coding', 32, 100, NULL),
(712, 255, 'Maths', 85, 100, NULL),
(713, 255, 'Science', 65, 100, NULL),
(714, 255, 'Coding', 45, 100, NULL),
(715, 257, 'Maths', 32, 100, NULL),
(716, 257, 'Science', 85, 100, NULL),
(717, 257, 'Coding', 65, 100, NULL),
(718, 258, 'Maths', 45, 100, NULL),
(719, 258, 'Science', 32, 100, NULL),
(720, 258, 'Coding', 85, 100, NULL),
(721, 259, 'Maths', 65, 100, NULL),
(722, 259, 'Science', 45, 100, NULL),
(723, 259, 'Coding', 32, 100, NULL),
(724, 260, 'Maths', 85, 100, NULL),
(725, 260, 'Science', 65, 100, NULL),
(726, 260, 'Coding', 45, 100, NULL),
(727, 261, 'Maths', 32, 100, NULL),
(728, 261, 'Science', 85, 100, NULL),
(729, 261, 'Coding', 65, 100, NULL),
(730, 262, 'Maths', 45, 100, NULL),
(731, 262, 'Science', 32, 100, NULL),
(732, 262, 'Coding', 85, 100, NULL),
(733, 263, 'Maths', 65, 100, NULL),
(734, 263, 'Science', 45, 100, NULL),
(735, 263, 'Coding', 32, 100, NULL),
(736, 264, 'Maths', 85, 100, NULL),
(737, 264, 'Science', 65, 100, NULL),
(738, 264, 'Coding', 45, 100, NULL),
(739, 265, 'Maths', 32, 100, NULL),
(740, 265, 'Science', 85, 100, NULL),
(741, 265, 'Coding', 65, 100, NULL),
(742, 266, 'Maths', 45, 100, NULL),
(743, 266, 'Science', 32, 100, NULL),
(744, 266, 'Coding', 85, 100, NULL),
(745, 267, 'Maths', 65, 100, NULL),
(746, 267, 'Science', 45, 100, NULL),
(747, 267, 'Coding', 32, 100, NULL),
(748, 268, 'Maths', 85, 100, NULL),
(749, 268, 'Science', 65, 100, NULL),
(750, 268, 'Coding', 45, 100, NULL),
(751, 269, 'Maths', 32, 100, NULL),
(752, 269, 'Science', 85, 100, NULL),
(753, 269, 'Coding', 65, 100, NULL),
(754, 270, 'Maths', 45, 100, NULL),
(755, 270, 'Science', 32, 100, NULL),
(756, 270, 'Coding', 85, 100, NULL),
(757, 272, 'Maths', 65, 100, NULL),
(758, 272, 'Science', 45, 100, NULL),
(759, 272, 'Coding', 32, 100, NULL),
(760, 273, 'Maths', 85, 100, NULL),
(761, 273, 'Science', 65, 100, NULL),
(762, 273, 'Coding', 45, 100, NULL),
(763, 274, 'Maths', 32, 100, NULL),
(764, 274, 'Science', 85, 100, NULL),
(765, 274, 'Coding', 65, 100, NULL),
(766, 275, 'Maths', 45, 100, NULL),
(767, 275, 'Science', 32, 100, NULL),
(768, 275, 'Coding', 85, 100, NULL),
(769, 276, 'Maths', 65, 100, NULL),
(770, 276, 'Science', 45, 100, NULL),
(771, 276, 'Coding', 32, 100, NULL),
(772, 277, 'Maths', 85, 100, NULL),
(773, 277, 'Science', 65, 100, NULL),
(774, 277, 'Coding', 45, 100, NULL),
(775, 278, 'Maths', 32, 100, NULL),
(776, 278, 'Science', 85, 100, NULL),
(777, 278, 'Coding', 65, 100, NULL),
(778, 279, 'Maths', 45, 100, NULL),
(779, 279, 'Science', 32, 100, NULL),
(780, 279, 'Coding', 85, 100, NULL),
(781, 280, 'Maths', 65, 100, NULL),
(782, 280, 'Science', 45, 100, NULL),
(783, 280, 'Coding', 32, 100, NULL),
(784, 281, 'Maths', 85, 100, NULL),
(785, 281, 'Science', 65, 100, NULL),
(786, 281, 'Coding', 45, 100, NULL),
(787, 282, 'Maths', 32, 100, NULL),
(788, 282, 'Science', 85, 100, NULL),
(789, 282, 'Coding', 65, 100, NULL),
(790, 283, 'Maths', 45, 100, NULL),
(791, 283, 'Science', 32, 100, NULL),
(792, 283, 'Coding', 85, 100, NULL),
(793, 284, 'Maths', 65, 100, NULL),
(794, 284, 'Science', 45, 100, NULL),
(795, 284, 'Coding', 32, 100, NULL),
(796, 285, 'Maths', 85, 100, NULL),
(797, 285, 'Science', 65, 100, NULL),
(798, 285, 'Coding', 45, 100, NULL),
(799, 287, 'Maths', 32, 100, NULL),
(800, 287, 'Science', 85, 100, NULL),
(801, 287, 'Coding', 65, 100, NULL),
(802, 288, 'Maths', 45, 100, NULL),
(803, 288, 'Science', 32, 100, NULL),
(804, 288, 'Coding', 85, 100, NULL),
(805, 289, 'Maths', 65, 100, NULL),
(806, 289, 'Science', 45, 100, NULL),
(807, 289, 'Coding', 32, 100, NULL),
(808, 290, 'Maths', 85, 100, NULL),
(809, 290, 'Science', 65, 100, NULL),
(810, 290, 'Coding', 45, 100, NULL),
(811, 291, 'Maths', 32, 100, NULL),
(812, 291, 'Science', 85, 100, NULL),
(813, 291, 'Coding', 65, 100, NULL),
(814, 292, 'Maths', 45, 100, NULL),
(815, 292, 'Science', 32, 100, NULL),
(816, 292, 'Coding', 85, 100, NULL),
(817, 293, 'Maths', 65, 100, NULL),
(818, 293, 'Science', 45, 100, NULL),
(819, 293, 'Coding', 32, 100, NULL),
(820, 294, 'Maths', 85, 100, NULL),
(821, 294, 'Science', 65, 100, NULL),
(822, 294, 'Coding', 45, 100, NULL),
(823, 295, 'Maths', 32, 100, NULL),
(824, 295, 'Science', 85, 100, NULL),
(825, 295, 'Coding', 65, 100, NULL),
(826, 296, 'Maths', 45, 100, NULL),
(827, 296, 'Science', 32, 100, NULL),
(828, 296, 'Coding', 85, 100, NULL),
(829, 297, 'Maths', 65, 100, NULL),
(830, 297, 'Science', 45, 100, NULL),
(831, 297, 'Coding', 32, 100, NULL),
(832, 298, 'Maths', 85, 100, NULL),
(833, 298, 'Science', 65, 100, NULL),
(834, 298, 'Coding', 45, 100, NULL),
(835, 299, 'Maths', 32, 100, NULL),
(836, 299, 'Science', 85, 100, NULL),
(837, 299, 'Coding', 65, 100, NULL),
(838, 300, 'Maths', 45, 100, NULL),
(839, 300, 'Science', 32, 100, NULL),
(840, 300, 'Coding', 85, 100, NULL),
(841, 302, 'Maths', 65, 100, NULL),
(842, 302, 'Science', 45, 100, NULL),
(843, 302, 'Coding', 32, 100, NULL),
(844, 303, 'Maths', 85, 100, NULL),
(845, 303, 'Science', 65, 100, NULL),
(846, 303, 'Coding', 45, 100, NULL),
(847, 304, 'Maths', 32, 100, NULL),
(848, 304, 'Science', 85, 100, NULL),
(849, 304, 'Coding', 65, 100, NULL),
(850, 305, 'Maths', 45, 100, NULL),
(851, 305, 'Science', 32, 100, NULL),
(852, 305, 'Coding', 85, 100, NULL),
(853, 306, 'Maths', 65, 100, NULL),
(854, 306, 'Science', 45, 100, NULL),
(855, 306, 'Coding', 32, 100, NULL),
(856, 307, 'Maths', 85, 100, NULL),
(857, 307, 'Science', 65, 100, NULL),
(858, 307, 'Coding', 45, 100, NULL),
(859, 308, 'Maths', 32, 100, NULL),
(860, 308, 'Science', 85, 100, NULL),
(861, 308, 'Coding', 65, 100, NULL),
(862, 309, 'Maths', 45, 100, NULL),
(863, 309, 'Science', 32, 100, NULL),
(864, 309, 'Coding', 85, 100, NULL),
(865, 310, 'Maths', 65, 100, NULL),
(866, 310, 'Science', 45, 100, NULL),
(867, 310, 'Coding', 32, 100, NULL),
(868, 311, 'Maths', 85, 100, NULL),
(869, 311, 'Science', 65, 100, NULL),
(870, 311, 'Coding', 45, 100, NULL),
(871, 312, 'Maths', 32, 100, NULL),
(872, 312, 'Science', 85, 100, NULL),
(873, 312, 'Coding', 65, 100, NULL),
(874, 313, 'Maths', 45, 100, NULL),
(875, 313, 'Science', 32, 100, NULL),
(876, 313, 'Coding', 85, 100, NULL),
(877, 314, 'Maths', 65, 100, NULL),
(878, 314, 'Science', 45, 100, NULL),
(879, 314, 'Coding', 32, 100, NULL),
(880, 315, 'Maths', 85, 100, NULL),
(881, 315, 'Science', 65, 100, NULL),
(882, 315, 'Coding', 45, 100, NULL),
(883, 317, 'Maths', 32, 100, NULL),
(884, 317, 'Science', 85, 100, NULL),
(885, 317, 'Coding', 65, 100, NULL),
(886, 318, 'Maths', 45, 100, NULL),
(887, 318, 'Science', 32, 100, NULL),
(888, 318, 'Coding', 85, 100, NULL),
(889, 319, 'Maths', 65, 100, NULL),
(890, 319, 'Science', 45, 100, NULL),
(891, 319, 'Coding', 32, 100, NULL),
(892, 320, 'Maths', 85, 100, NULL),
(893, 320, 'Science', 65, 100, NULL),
(894, 320, 'Coding', 45, 100, NULL),
(895, 321, 'Maths', 32, 100, NULL),
(896, 321, 'Science', 85, 100, NULL),
(897, 321, 'Coding', 65, 100, NULL),
(898, 322, 'Maths', 45, 100, NULL),
(899, 322, 'Science', 32, 100, NULL),
(900, 322, 'Coding', 85, 100, NULL),
(901, 323, 'Maths', 65, 100, NULL),
(902, 323, 'Science', 45, 100, NULL),
(903, 323, 'Coding', 32, 100, NULL),
(904, 324, 'Maths', 85, 100, NULL),
(905, 324, 'Science', 65, 100, NULL),
(906, 324, 'Coding', 45, 100, NULL),
(907, 325, 'Maths', 32, 100, NULL),
(908, 325, 'Science', 85, 100, NULL),
(909, 325, 'Coding', 65, 100, NULL),
(910, 326, 'Maths', 45, 100, NULL),
(911, 326, 'Science', 32, 100, NULL),
(912, 326, 'Coding', 85, 100, NULL),
(913, 327, 'Maths', 65, 100, NULL),
(914, 327, 'Science', 45, 100, NULL),
(915, 327, 'Coding', 32, 100, NULL),
(916, 328, 'Maths', 85, 100, NULL),
(917, 328, 'Science', 65, 100, NULL),
(918, 328, 'Coding', 45, 100, NULL),
(919, 329, 'Maths', 32, 100, NULL),
(920, 329, 'Science', 85, 100, NULL),
(921, 329, 'Coding', 65, 100, NULL),
(922, 330, 'Maths', 45, 100, NULL),
(923, 330, 'Science', 32, 100, NULL),
(924, 330, 'Coding', 85, 100, NULL),
(925, 332, 'Maths', 65, 100, NULL),
(926, 332, 'Science', 45, 100, NULL),
(927, 332, 'Coding', 32, 100, NULL),
(928, 333, 'Maths', 85, 100, NULL),
(929, 333, 'Science', 65, 100, NULL),
(930, 333, 'Coding', 45, 100, NULL),
(931, 334, 'Maths', 32, 100, NULL),
(932, 334, 'Science', 85, 100, NULL),
(933, 334, 'Coding', 65, 100, NULL),
(934, 335, 'Maths', 45, 100, NULL),
(935, 335, 'Science', 32, 100, NULL),
(936, 335, 'Coding', 85, 100, NULL),
(937, 336, 'Maths', 65, 100, NULL),
(938, 336, 'Science', 45, 100, NULL),
(939, 336, 'Coding', 32, 100, NULL),
(940, 337, 'Maths', 85, 100, NULL),
(941, 337, 'Science', 65, 100, NULL),
(942, 337, 'Coding', 45, 100, NULL),
(943, 338, 'Maths', 32, 100, NULL),
(944, 338, 'Science', 85, 100, NULL),
(945, 338, 'Coding', 65, 100, NULL),
(946, 339, 'Maths', 45, 100, NULL),
(947, 339, 'Science', 32, 100, NULL),
(948, 339, 'Coding', 85, 100, NULL),
(949, 340, 'Maths', 65, 100, NULL),
(950, 340, 'Science', 45, 100, NULL),
(951, 340, 'Coding', 32, 100, NULL),
(952, 341, 'Maths', 85, 100, NULL),
(953, 341, 'Science', 65, 100, NULL),
(954, 341, 'Coding', 45, 100, NULL),
(955, 342, 'Maths', 32, 100, NULL),
(956, 342, 'Science', 85, 100, NULL),
(957, 342, 'Coding', 65, 100, NULL),
(958, 343, 'Maths', 45, 100, NULL),
(959, 343, 'Science', 32, 100, NULL),
(960, 343, 'Coding', 85, 100, NULL),
(961, 344, 'Maths', 65, 100, NULL),
(962, 344, 'Science', 45, 100, NULL),
(963, 344, 'Coding', 32, 100, NULL),
(964, 345, 'Maths', 85, 100, NULL),
(965, 345, 'Science', 65, 100, NULL),
(966, 345, 'Coding', 45, 100, NULL),
(967, 347, 'Maths', 32, 100, NULL),
(968, 347, 'Science', 85, 100, NULL),
(969, 347, 'Coding', 65, 100, NULL),
(970, 348, 'Maths', 45, 100, NULL),
(971, 348, 'Science', 32, 100, NULL),
(972, 348, 'Coding', 85, 100, NULL),
(973, 349, 'Maths', 65, 100, NULL),
(974, 349, 'Science', 45, 100, NULL),
(975, 349, 'Coding', 32, 100, NULL),
(976, 350, 'Maths', 85, 100, NULL),
(977, 350, 'Science', 65, 100, NULL),
(978, 350, 'Coding', 45, 100, NULL),
(979, 351, 'Maths', 32, 100, NULL),
(980, 351, 'Science', 85, 100, NULL),
(981, 351, 'Coding', 65, 100, NULL);

-- --------------------------------------------------------

--
-- Table structure for table `notices`
--

CREATE TABLE `notices` (
  `id` int(11) NOT NULL,
  `title` varchar(255) DEFAULT NULL,
  `message` text DEFAULT NULL,
  `posted_by` varchar(100) DEFAULT NULL,
  `created_at` timestamp NOT NULL DEFAULT current_timestamp()
) ENGINE=InnoDB DEFAULT CHARSET=utf8mb4 COLLATE=utf8mb4_general_ci;

--
-- Dumping data for table `notices`
--

INSERT INTO `notices` (`id`, `title`, `message`, `posted_by`, `created_at`) VALUES
(1, 'Mid-Term Examination', 'The Mid-term schedule for Spring 2026 has been uploaded to the student portal. Exams start from Feb 15th.', 'Examination Cell', '2026-01-10 04:30:00'),
(2, 'Republic Day Celebration', 'Join us for the flag hoisting ceremony on Jan 26th at 8:30 AM in the main college ground.', 'Student Affairs', '2026-01-15 03:30:00'),
(3, 'Fee Payment Deadline', 'Last date to pay the semester fee without a late fine is Jan 31st. Please clear dues immediately.', 'Accounts Office', '2026-01-16 09:00:00'),
(4, 'Placement Drive: Google India', 'Google India is visiting for a campus recruitment drive on March 5th for B.Tech CS students.', 'Placement Cell', '2026-01-17 05:30:00'),
(5, 'Library Timings Extended', 'To help students prepare for exams, the library will remain open until 10 PM starting next Monday.', 'Librarian', '2026-01-18 02:30:00'),
(6, 'Hackathon 2026', 'Register your teams for the \"Code-India Hackathon\" by the end of this week. Exciting prizes to be won!', 'IT Department', '2026-01-18 06:30:00'),
(7, 'Guest Lecture: AI & Ethics', 'Dr. Verma from IIT Delhi will deliver a talk on the future of AI on Feb 2nd in the Auditorium.', 'Academic Dean', '2026-01-18 10:15:00'),
(8, 'Hostel Maintenance Notice', 'Maintenance work in Boys Hostel Block A scheduled for this Sunday. Water supply may be interrupted.', 'Warden', '2026-01-19 04:50:00'),
(9, 'Sports Meet Registration', 'Registration for the Annual Sports Meet is now open. Sign up at the Physical Education department.', 'Sports Council', '2026-01-19 07:30:00'),
(10, 'Internship Opportunity', 'Summer internship applications for Microsoft and Adobe are now open on the placement portal.', 'Placement Cell', '2026-01-20 03:45:00'),
(11, 'Scholarship Applications', 'Merit-based scholarship forms are available. Eligible students must submit documents by Feb 10th.', 'Admin Office', '2026-01-20 06:00:00'),
(12, 'Canteen Policy Update', 'New digital payment system implemented in the college canteen. Cash will no longer be accepted.', 'Management', '2026-01-20 10:30:00');

-- --------------------------------------------------------

--
-- Table structure for table `notifications`
--

CREATE TABLE `notifications` (
  `id` int(11) NOT NULL,
  `user_id` int(11) NOT NULL,
  `message` varchar(255) NOT NULL,
  `is_read` tinyint(1) DEFAULT 0,
  `created_at` timestamp NOT NULL DEFAULT current_timestamp()
) ENGINE=InnoDB DEFAULT CHARSET=utf8mb4 COLLATE=utf8mb4_general_ci;

--
-- Dumping data for table `notifications`
--

INSERT INTO `notifications` (`id`, `user_id`, `message`, `is_read`, `created_at`) VALUES
(1, 191, 'Security Alert: A new login was detected from a Chrome browser on Windows.', 0, '2026-01-18 07:17:09'),
(2, 119, 'Exam Schedule: Mid-term examination dates are now available on the board.', 1, '2026-01-13 07:17:09'),
(3, 178, 'New Study Material: Prof. Sharma uploaded \"Unit 2: Data Structures\" PDF.', 0, '2026-01-15 07:17:09'),
(4, 325, 'Dear Aditya Iyer, your Semester 1 results have been published.', 0, '2026-01-18 07:17:09'),
(5, 143, 'Reminder: Please clear your outstanding library fines by this Friday.', 1, '2026-01-18 07:17:09'),
(6, 294, 'Holiday Alert: College will remain closed on Jan 26th for Republic Day.', 1, '2026-01-13 07:17:09'),
(7, 143, 'Security Alert: A new login was detected from a Chrome browser on Windows.', 0, '2026-01-13 07:17:09'),
(8, 338, 'Exam Schedule: Mid-term examination dates are now available on the board.', 1, '2026-01-17 07:17:09'),
(9, 141, 'Security Alert: A new login was detected from a Chrome browser on Windows.', 1, '2026-01-15 07:17:09'),
(10, 251, 'Exam Schedule: Mid-term examination dates are now available on the board.', 0, '2026-01-18 07:17:09'),
(11, 75, 'Fee Update: Your payment for the Spring Semester has been verified.', 0, '2026-01-16 07:17:09'),
(12, 235, 'Fee Update: Your payment for the Spring Semester has been verified.', 0, '2026-01-17 07:17:09'),
(13, 48, 'Reminder: Please clear your outstanding library fines by this Friday.', 0, '2026-01-15 07:17:09'),
(14, 224, 'Exam Schedule: Mid-term examination dates are now available on the board.', 0, '2026-01-13 07:17:09'),
(15, 315, 'Exam Schedule: Mid-term examination dates are now available on the board.', 0, '2026-01-14 07:17:09'),
(16, 111, 'Holiday Alert: College will remain closed on Jan 26th for Republic Day.', 0, '2026-01-16 07:17:09'),
(17, 258, 'Event Invite: Join us for the Annual Tech Fest this Saturday at 10 AM.', 1, '2026-01-12 07:17:09'),
(18, 56, 'Event Invite: Join us for the Annual Tech Fest this Saturday at 10 AM.', 0, '2026-01-17 07:17:09'),
(19, 329, 'Reminder: Please clear your outstanding library fines by this Friday.', 1, '2026-01-18 07:17:09'),
(20, 280, 'Reminder: Please clear your outstanding library fines by this Friday.', 1, '2026-01-17 07:17:09'),
(21, 39, 'Fee Update: Your payment for the Spring Semester has been verified.', 0, '2026-01-16 07:17:09'),
(22, 228, 'Holiday Alert: College will remain closed on Jan 26th for Republic Day.', 0, '2026-01-15 07:17:09'),
(23, 274, 'Dear Priya Gupta, your Semester 1 results have been published.', 1, '2026-01-14 07:17:09'),
(24, 347, 'Reminder: Please clear your outstanding library fines by this Friday.', 0, '2026-01-15 07:17:09'),
(25, 318, 'Reminder: Please clear your outstanding library fines by this Friday.', 0, '2026-01-16 07:17:09'),
(26, 193, 'Fee Update: Your payment for the Spring Semester has been verified.', 1, '2026-01-18 07:17:09'),
(27, 18, 'Security Alert: A new login was detected from a Chrome browser on Windows.', 0, '2026-01-17 07:17:09'),
(28, 310, 'Dear Ishaan Mehta, your Semester 1 results have been published.', 0, '2026-01-13 07:17:09'),
(29, 216, 'Security Alert: A new login was detected from a Chrome browser on Windows.', 0, '2026-01-18 07:17:09'),
(30, 272, 'Holiday Alert: College will remain closed on Jan 26th for Republic Day.', 0, '2026-01-15 07:17:09'),
(31, 152, 'Event Invite: Join us for the Annual Tech Fest this Saturday at 10 AM.', 1, '2026-01-12 07:17:09'),
(32, 36, 'Exam Schedule: Mid-term examination dates are now available on the board.', 1, '2026-01-18 07:17:09'),
(33, 238, 'Exam Schedule: Mid-term examination dates are now available on the board.', 1, '2026-01-16 07:17:09'),
(34, 178, 'New Study Material: Prof. Sharma uploaded \"Unit 2: Data Structures\" PDF.', 0, '2026-01-14 07:17:09'),
(35, 5, 'Fee Update: Your payment for the Spring Semester has been verified.', 0, '2026-01-13 07:17:09'),
(36, 11, 'Reminder: Please clear your outstanding library fines by this Friday.', 1, '2026-01-17 07:17:09'),
(37, 45, 'Holiday Alert: College will remain closed on Jan 26th for Republic Day.', 0, '2026-01-17 07:17:09'),
(38, 79, 'New Study Material: Prof. Sharma uploaded \"Unit 2: Data Structures\" PDF.', 0, '2026-01-18 07:17:09'),
(39, 313, 'Dear Meera Mehta, your Semester 1 results have been published.', 1, '2026-01-18 07:17:09'),
(40, 350, 'Security Alert: A new login was detected from a Chrome browser on Windows.', 0, '2026-01-12 07:17:09'),
(41, 94, 'Dear Zoya Iyer, your Semester 1 results have been published.', 0, '2026-01-18 07:17:09'),
(42, 292, 'Event Invite: Join us for the Annual Tech Fest this Saturday at 10 AM.', 1, '2026-01-18 07:17:09'),
(43, 283, 'Dear Aavya Mehta, your Semester 1 results have been published.', 0, '2026-01-18 07:17:09'),
(44, 325, 'Exam Schedule: Mid-term examination dates are now available on the board.', 0, '2026-01-15 07:17:09'),
(45, 133, 'New Study Material: Prof. Sharma uploaded \"Unit 2: Data Structures\" PDF.', 0, '2026-01-12 07:17:09'),
(46, 197, 'New Study Material: Prof. Sharma uploaded \"Unit 2: Data Structures\" PDF.', 0, '2026-01-17 07:17:09'),
(47, 223, 'Exam Schedule: Mid-term examination dates are now available on the board.', 0, '2026-01-12 07:17:09'),
(48, 128, 'Security Alert: A new login was detected from a Chrome browser on Windows.', 0, '2026-01-15 07:17:09'),
(49, 273, 'Dear Arjun Patel, your Semester 1 results have been published.', 0, '2026-01-13 07:17:09'),
(50, 189, 'Reminder: Please clear your outstanding library fines by this Friday.', 0, '2026-01-12 07:17:09'),
(51, 293, 'Security Alert: A new login was detected from a Chrome browser on Windows.', 0, '2026-01-13 07:17:09'),
(52, 64, 'Reminder: Please clear your outstanding library fines by this Friday.', 0, '2026-01-15 07:17:09'),
(53, 325, 'Exam Schedule: Mid-term examination dates are now available on the board.', 1, '2026-01-16 07:17:09'),
(54, 26, 'Fee Update: Your payment for the Spring Semester has been verified.', 0, '2026-01-18 07:17:09'),
(55, 108, 'Fee Update: Your payment for the Spring Semester has been verified.', 0, '2026-01-13 07:17:09'),
(56, 54, 'Reminder: Please clear your outstanding library fines by this Friday.', 0, '2026-01-13 07:17:09'),
(57, 349, 'Holiday Alert: College will remain closed on Jan 26th for Republic Day.', 0, '2026-01-16 07:17:09'),
(58, 118, 'Event Invite: Join us for the Annual Tech Fest this Saturday at 10 AM.', 0, '2026-01-17 07:17:09'),
(59, 149, 'Fee Update: Your payment for the Spring Semester has been verified.', 0, '2026-01-18 07:17:09'),
(60, 42, 'Holiday Alert: College will remain closed on Jan 26th for Republic Day.', 1, '2026-01-16 07:17:09'),
(61, 264, 'Holiday Alert: College will remain closed on Jan 26th for Republic Day.', 0, '2026-01-18 07:17:09'),
(62, 276, 'Holiday Alert: College will remain closed on Jan 26th for Republic Day.', 0, '2026-01-17 07:17:09'),
(63, 253, 'Dear Meera Iyer, your Semester 1 results have been published.', 0, '2026-01-18 07:17:09'),
(64, 123, 'Exam Schedule: Mid-term examination dates are now available on the board.', 1, '2026-01-15 07:17:09'),
(65, 222, 'Security Alert: A new login was detected from a Chrome browser on Windows.', 1, '2026-01-18 07:17:09'),
(66, 347, 'Fee Update: Your payment for the Spring Semester has been verified.', 0, '2026-01-12 07:17:09'),
(67, 41, 'Exam Schedule: Mid-term examination dates are now available on the board.', 1, '2026-01-17 07:17:09'),
(68, 28, 'Fee Update: Your payment for the Spring Semester has been verified.', 0, '2026-01-16 07:17:09'),
(69, 289, 'Fee Update: Your payment for the Spring Semester has been verified.', 0, '2026-01-15 07:17:09'),
(70, 70, 'Dear Aditya Malhotra, your Semester 1 results have been published.', 1, '2026-01-16 07:17:09'),
(71, 262, 'Security Alert: A new login was detected from a Chrome browser on Windows.', 0, '2026-01-17 07:17:09'),
(72, 13, 'New Study Material: Prof. Sharma uploaded \"Unit 2: Data Structures\" PDF.', 0, '2026-01-12 07:17:09'),
(73, 283, 'Exam Schedule: Mid-term examination dates are now available on the board.', 1, '2026-01-12 07:17:09'),
(74, 15, 'New Study Material: Prof. Sharma uploaded \"Unit 2: Data Structures\" PDF.', 0, '2026-01-12 07:17:09'),
(75, 35, 'Reminder: Please clear your outstanding library fines by this Friday.', 0, '2026-01-12 07:17:09'),
(76, 200, 'Dear Priya Reddy, your Semester 1 results have been published.', 1, '2026-01-15 07:17:09'),
(77, 29, 'Reminder: Please clear your outstanding library fines by this Friday.', 1, '2026-01-17 07:17:09'),
(78, 100, 'New Study Material: Prof. Sharma uploaded \"Unit 2: Data Structures\" PDF.', 0, '2026-01-14 07:17:09'),
(79, 53, 'Event Invite: Join us for the Annual Tech Fest this Saturday at 10 AM.', 0, '2026-01-17 07:17:09'),
(80, 237, 'Holiday Alert: College will remain closed on Jan 26th for Republic Day.', 0, '2026-01-17 07:17:09'),
(81, 56, 'Dear Aditya Iyer, your Semester 1 results have been published.', 1, '2026-01-15 07:17:09'),
(82, 57, 'Dear Ananya Reddy, your Semester 1 results have been published.', 1, '2026-01-17 07:17:09'),
(83, 337, 'Event Invite: Join us for the Annual Tech Fest this Saturday at 10 AM.', 0, '2026-01-13 07:17:09'),
(84, 65, 'New Study Material: Prof. Sharma uploaded \"Unit 2: Data Structures\" PDF.', 0, '2026-01-15 07:17:09'),
(85, 232, 'Security Alert: A new login was detected from a Chrome browser on Windows.', 1, '2026-01-12 07:17:09'),
(86, 98, 'New Study Material: Prof. Sharma uploaded \"Unit 2: Data Structures\" PDF.', 1, '2026-01-16 07:17:09'),
(87, 273, 'Reminder: Please clear your outstanding library fines by this Friday.', 1, '2026-01-15 07:17:09'),
(88, 283, 'Security Alert: A new login was detected from a Chrome browser on Windows.', 0, '2026-01-13 07:17:09'),
(89, 65, 'Fee Update: Your payment for the Spring Semester has been verified.', 1, '2026-01-13 07:17:09'),
(90, 199, 'Holiday Alert: College will remain closed on Jan 26th for Republic Day.', 1, '2026-01-18 07:17:09'),
(91, 194, 'Reminder: Please clear your outstanding library fines by this Friday.', 1, '2026-01-15 07:17:09'),
(92, 33, 'Dear Zoya Verma, your Semester 1 results have been published.', 0, '2026-01-15 07:17:09'),
(93, 318, 'Event Invite: Join us for the Annual Tech Fest this Saturday at 10 AM.', 1, '2026-01-16 07:17:09'),
(94, 51, 'New Study Material: Prof. Sharma uploaded \"Unit 2: Data Structures\" PDF.', 1, '2026-01-18 07:17:09'),
(95, 176, 'New Study Material: Prof. Sharma uploaded \"Unit 2: Data Structures\" PDF.', 1, '2026-01-15 07:17:09'),
(96, 198, 'Exam Schedule: Mid-term examination dates are now available on the board.', 1, '2026-01-17 07:17:09'),
(97, 298, 'Reminder: Please clear your outstanding library fines by this Friday.', 1, '2026-01-17 07:17:09'),
(98, 294, 'Event Invite: Join us for the Annual Tech Fest this Saturday at 10 AM.', 1, '2026-01-18 07:17:09'),
(99, 266, 'Security Alert: A new login was detected from a Chrome browser on Windows.', 0, '2026-01-14 07:17:09'),
(100, 261, 'Fee Update: Your payment for the Spring Semester has been verified.', 0, '2026-01-12 07:17:09'),
(101, 323, 'Fee Update: Your payment for the Spring Semester has been verified.', 1, '2026-01-16 07:17:09'),
(102, 217, 'Dear Aditya Reddy, your Semester 1 results have been published.', 1, '2026-01-14 07:17:09'),
(103, 275, 'Exam Schedule: Mid-term examination dates are now available on the board.', 0, '2026-01-13 07:17:09'),
(104, 336, 'Event Invite: Join us for the Annual Tech Fest this Saturday at 10 AM.', 0, '2026-01-17 07:17:09'),
(105, 300, 'Security Alert: A new login was detected from a Chrome browser on Windows.', 1, '2026-01-15 07:17:09'),
(106, 270, 'Holiday Alert: College will remain closed on Jan 26th for Republic Day.', 0, '2026-01-18 07:17:09'),
(107, 332, 'Reminder: Please clear your outstanding library fines by this Friday.', 1, '2026-01-17 07:17:09'),
(108, 296, 'New Study Material: Prof. Sharma uploaded \"Unit 2: Data Structures\" PDF.', 1, '2026-01-18 07:17:09'),
(109, 29, 'New Study Material: Prof. Sharma uploaded \"Unit 2: Data Structures\" PDF.', 1, '2026-01-18 07:17:09'),
(110, 333, 'Fee Update: Your payment for the Spring Semester has been verified.', 0, '2026-01-18 07:17:09'),
(111, 129, 'Exam Schedule: Mid-term examination dates are now available on the board.', 0, '2026-01-14 07:17:09'),
(112, 192, 'Dear Ishaan Patel, your Semester 1 results have been published.', 1, '2026-01-17 07:17:09'),
(113, 5, 'Fee Update: Your payment for the Spring Semester has been verified.', 1, '2026-01-14 07:17:09'),
(114, 272, 'Security Alert: A new login was detected from a Chrome browser on Windows.', 0, '2026-01-17 07:17:09'),
(115, 114, 'Dear Sneha Malhotra, your Semester 1 results have been published.', 0, '2026-01-13 07:17:09'),
(116, 165, 'Fee Update: Your payment for the Spring Semester has been verified.', 0, '2026-01-18 07:17:09'),
(117, 335, 'Exam Schedule: Mid-term examination dates are now available on the board.', 1, '2026-01-15 07:17:09'),
(118, 74, 'Exam Schedule: Mid-term examination dates are now available on the board.', 1, '2026-01-18 07:17:09'),
(119, 270, 'Security Alert: A new login was detected from a Chrome browser on Windows.', 0, '2026-01-13 07:17:09'),
(120, 69, 'Exam Schedule: Mid-term examination dates are now available on the board.', 0, '2026-01-12 07:17:09'),
(121, 70, 'Fee Update: Your payment for the Spring Semester has been verified.', 1, '2026-01-14 07:17:09'),
(122, 290, 'Dear Karan Iyer, your Semester 1 results have been published.', 0, '2026-01-15 07:17:09'),
(123, 329, 'Dear Ishaan Singh, your Semester 1 results have been published.', 0, '2026-01-18 07:17:09'),
(124, 63, 'New Study Material: Prof. Sharma uploaded \"Unit 2: Data Structures\" PDF.', 1, '2026-01-16 07:17:09'),
(125, 40, 'Dear Priya Chauhan, your Semester 1 results have been published.', 1, '2026-01-17 07:17:09'),
(126, 349, 'Exam Schedule: Mid-term examination dates are now available on the board.', 0, '2026-01-18 07:17:09'),
(127, 260, 'Event Invite: Join us for the Annual Tech Fest this Saturday at 10 AM.', 0, '2026-01-18 07:17:09'),
(128, 22, 'Dear Zoya Sharma, your Semester 1 results have been published.', 0, '2026-01-17 07:17:09'),
(129, 22, 'Security Alert: A new login was detected from a Chrome browser on Windows.', 0, '2026-01-14 07:17:09'),
(130, 288, 'New Study Material: Prof. Sharma uploaded \"Unit 2: Data Structures\" PDF.', 0, '2026-01-13 07:17:09'),
(131, 101, 'Security Alert: A new login was detected from a Chrome browser on Windows.', 1, '2026-01-12 07:17:09'),
(132, 228, 'Event Invite: Join us for the Annual Tech Fest this Saturday at 10 AM.', 1, '2026-01-14 07:17:09'),
(133, 44, 'New Study Material: Prof. Sharma uploaded \"Unit 2: Data Structures\" PDF.', 0, '2026-01-14 07:17:09'),
(134, 142, 'Holiday Alert: College will remain closed on Jan 26th for Republic Day.', 0, '2026-01-16 07:17:09'),
(135, 12, 'Reminder: Please clear your outstanding library fines by this Friday.', 1, '2026-01-18 07:17:09'),
(136, 279, 'Event Invite: Join us for the Annual Tech Fest this Saturday at 10 AM.', 0, '2026-01-12 07:17:09'),
(137, 174, 'Event Invite: Join us for the Annual Tech Fest this Saturday at 10 AM.', 0, '2026-01-13 07:17:09'),
(138, 159, 'Holiday Alert: College will remain closed on Jan 26th for Republic Day.', 0, '2026-01-18 07:17:09'),
(139, 120, 'Fee Update: Your payment for the Spring Semester has been verified.', 1, '2026-01-13 07:17:09'),
(140, 188, 'Event Invite: Join us for the Annual Tech Fest this Saturday at 10 AM.', 0, '2026-01-16 07:17:09'),
(141, 269, 'Reminder: Please clear your outstanding library fines by this Friday.', 0, '2026-01-16 07:17:09'),
(142, 173, 'New Study Material: Prof. Sharma uploaded \"Unit 2: Data Structures\" PDF.', 0, '2026-01-14 07:17:09'),
(143, 266, 'Dear Arjun Iyer, your Semester 1 results have been published.', 0, '2026-01-16 07:17:09'),
(144, 60, 'Holiday Alert: College will remain closed on Jan 26th for Republic Day.', 1, '2026-01-12 07:17:09'),
(145, 203, 'Event Invite: Join us for the Annual Tech Fest this Saturday at 10 AM.', 1, '2026-01-13 07:17:09'),
(146, 100, 'Fee Update: Your payment for the Spring Semester has been verified.', 1, '2026-01-18 07:17:09'),
(147, 209, 'Exam Schedule: Mid-term examination dates are now available on the board.', 1, '2026-01-12 07:17:09'),
(148, 322, 'Event Invite: Join us for the Annual Tech Fest this Saturday at 10 AM.', 0, '2026-01-12 07:17:09'),
(149, 258, 'Reminder: Please clear your outstanding library fines by this Friday.', 0, '2026-01-18 07:17:09'),
(150, 62, 'Dear Rohan Patel, your Semester 1 results have been published.', 0, '2026-01-12 07:17:09');

-- --------------------------------------------------------

--
-- Table structure for table `resources`
--

CREATE TABLE `resources` (
  `id` int(11) NOT NULL,
  `title` varchar(100) NOT NULL,
  `file_path` varchar(255) NOT NULL,
  `course` varchar(50) NOT NULL,
  `uploaded_by` varchar(100) DEFAULT NULL
) ENGINE=InnoDB DEFAULT CHARSET=utf8mb4 COLLATE=utf8mb4_general_ci;

--
-- Dumping data for table `resources`
--

INSERT INTO `resources` (`id`, `title`, `file_path`, `course`, `uploaded_by`) VALUES
(1, 'Web Tech HTML/CSS (Ref 1)', 'uploads/resource_1.pdf', 'BCA', 'Prof. Sunita Rao'),
(2, 'Audit Techniques (Ref 2)', 'uploads/resource_2.pdf', 'B.Com', 'Dr. Amit Sharma'),
(3, 'Business Ethics Case Study (Ref 3)', 'uploads/resource_3.pdf', 'BBA', 'Dr. Vikram Seth'),
(4, 'Marketing Management (Ref 4)', 'uploads/resource_4.pdf', 'BBA', 'Dr. Rajesh Khanna'),
(5, 'Data Structures Unit 1 (Ref 5)', 'uploads/resource_5.pdf', 'B.Tech CS', 'Dr. Vikram Seth'),
(6, 'Operating Systems Lab (Ref 6)', 'uploads/resource_6.pdf', 'B.Tech CS', 'Prof. Megha Gupta'),
(7, 'Python Basics (Ref 7)', 'uploads/resource_7.pdf', 'BCA', 'Dr. Amit Sharma'),
(8, 'Audit Techniques (Ref 8)', 'uploads/resource_8.pdf', 'B.Com', 'Prof. Sunita Rao'),
(9, 'Organizational Behavior (Ref 9)', 'uploads/resource_9.pdf', 'BBA', 'Dr. Rajesh Khanna'),
(10, 'Corporate Tax PPT (Ref 10)', 'uploads/resource_10.pdf', 'B.Com', 'Dr. Rajesh Khanna'),
(11, 'Software Engineering Guide (Ref 11)', 'uploads/resource_11.pdf', 'BCA', 'Prof. Sunita Rao'),
(12, 'Marketing Management (Ref 12)', 'uploads/resource_12.pdf', 'BBA', 'Dr. Amit Sharma'),
(13, 'Financial Accounting Basics (Ref 13)', 'uploads/resource_13.pdf', 'B.Com', 'Prof. Megha Gupta'),
(14, 'Corporate Tax PPT (Ref 14)', 'uploads/resource_14.pdf', 'B.Com', 'Dr. Vikram Seth'),
(15, 'Networking Fundamentals (Ref 15)', 'uploads/resource_15.pdf', 'BCA', 'Prof. Megha Gupta'),
(16, 'Operating Systems Lab (Ref 16)', 'uploads/resource_16.pdf', 'B.Tech CS', 'Dr. Rajesh Khanna'),
(17, 'DBMS Normalization Notes (Ref 17)', 'uploads/resource_17.pdf', 'B.Tech CS', 'Prof. Megha Gupta'),
(18, 'Business Ethics Case Study (Ref 18)', 'uploads/resource_18.pdf', 'BBA', 'Dr. Rajesh Khanna'),
(19, 'Python Basics (Ref 19)', 'uploads/resource_19.pdf', 'BCA', 'Prof. Megha Gupta'),
(20, 'Human Resource Planning (Ref 20)', 'uploads/resource_20.pdf', 'BBA', 'Prof. Sunita Rao'),
(21, 'Audit Techniques (Ref 21)', 'uploads/resource_21.pdf', 'B.Com', 'Dr. Amit Sharma'),
(22, 'Software Engineering Guide (Ref 22)', 'uploads/resource_22.pdf', 'BCA', 'Dr. Amit Sharma'),
(23, 'Business Ethics Case Study (Ref 23)', 'uploads/resource_23.pdf', 'BBA', 'Dr. Vikram Seth'),
(24, 'Operating Systems Lab (Ref 24)', 'uploads/resource_24.pdf', 'B.Tech CS', 'Prof. Megha Gupta'),
(25, 'Marketing Management (Ref 25)', 'uploads/resource_25.pdf', 'BBA', 'Dr. Rajesh Khanna'),
(26, 'Advanced Java Programming (Ref 26)', 'uploads/resource_26.pdf', 'B.Tech CS', 'Prof. Megha Gupta'),
(27, 'Operating Systems Lab (Ref 27)', 'uploads/resource_27.pdf', 'B.Tech CS', 'Prof. Sunita Rao'),
(28, 'Marketing Management (Ref 28)', 'uploads/resource_28.pdf', 'BBA', 'Dr. Vikram Seth'),
(29, 'Corporate Tax PPT (Ref 29)', 'uploads/resource_29.pdf', 'B.Com', 'Dr. Amit Sharma'),
(30, 'Financial Accounting Basics (Ref 30)', 'uploads/resource_30.pdf', 'B.Com', 'Prof. Megha Gupta'),
(31, 'Marketing Management (Ref 31)', 'uploads/resource_31.pdf', 'BBA', 'Dr. Vikram Seth'),
(32, 'Financial Accounting Basics (Ref 32)', 'uploads/resource_32.pdf', 'B.Com', 'Prof. Megha Gupta'),
(33, 'Human Resource Planning (Ref 33)', 'uploads/resource_33.pdf', 'BBA', 'Dr. Rajesh Khanna'),
(34, 'DBMS Normalization Notes (Ref 34)', 'uploads/resource_34.pdf', 'B.Tech CS', 'Prof. Sunita Rao'),
(35, 'Networking Fundamentals (Ref 35)', 'uploads/resource_35.pdf', 'BCA', 'Dr. Amit Sharma'),
(36, 'Organizational Behavior (Ref 36)', 'uploads/resource_36.pdf', 'BBA', 'Dr. Vikram Seth'),
(37, 'Python Basics (Ref 37)', 'uploads/resource_37.pdf', 'BCA', 'Dr. Amit Sharma'),
(38, 'Human Resource Planning (Ref 38)', 'uploads/resource_38.pdf', 'BBA', 'Dr. Amit Sharma'),
(39, 'Corporate Tax PPT (Ref 39)', 'uploads/resource_39.pdf', 'B.Com', 'Dr. Rajesh Khanna'),
(40, 'Audit Techniques (Ref 40)', 'uploads/resource_40.pdf', 'B.Com', 'Dr. Rajesh Khanna'),
(41, 'Human Resource Planning (Ref 41)', 'uploads/resource_41.pdf', 'BBA', 'Dr. Vikram Seth'),
(42, 'Business Ethics Case Study (Ref 42)', 'uploads/resource_42.pdf', 'BBA', 'Dr. Rajesh Khanna'),
(43, 'Financial Accounting Basics (Ref 43)', 'uploads/resource_43.pdf', 'B.Com', 'Dr. Rajesh Khanna'),
(44, 'Operating Systems Lab (Ref 44)', 'uploads/resource_44.pdf', 'B.Tech CS', 'Prof. Megha Gupta'),
(45, 'Advanced Java Programming (Ref 45)', 'uploads/resource_45.pdf', 'B.Tech CS', 'Prof. Megha Gupta'),
(46, 'Networking Fundamentals (Ref 46)', 'uploads/resource_46.pdf', 'BCA', 'Dr. Amit Sharma'),
(47, 'DBMS Normalization Notes (Ref 47)', 'uploads/resource_47.pdf', 'B.Tech CS', 'Dr. Vikram Seth'),
(48, 'Business Law Module 2 (Ref 48)', 'uploads/resource_48.pdf', 'B.Com', 'Dr. Vikram Seth'),
(49, 'Python Basics (Ref 49)', 'uploads/resource_49.pdf', 'BCA', 'Dr. Vikram Seth'),
(50, 'Human Resource Planning (Ref 50)', 'uploads/resource_50.pdf', 'BBA', 'Dr. Amit Sharma'),
(51, 'Python Basics (Ref 51)', 'uploads/resource_51.pdf', 'BCA', 'Dr. Vikram Seth'),
(52, 'Business Law Module 2 (Ref 52)', 'uploads/resource_52.pdf', 'B.Com', 'Prof. Sunita Rao'),
(53, 'Organizational Behavior (Ref 53)', 'uploads/resource_53.pdf', 'BBA', 'Prof. Sunita Rao'),
(54, 'Data Structures Unit 1 (Ref 54)', 'uploads/resource_54.pdf', 'B.Tech CS', 'Prof. Sunita Rao'),
(55, 'Software Engineering Guide (Ref 55)', 'uploads/resource_55.pdf', 'BCA', 'Dr. Amit Sharma'),
(56, 'Software Engineering Guide (Ref 56)', 'uploads/resource_56.pdf', 'BCA', 'Dr. Rajesh Khanna'),
(57, 'Human Resource Planning (Ref 57)', 'uploads/resource_57.pdf', 'BBA', 'Prof. Megha Gupta'),
(58, 'Networking Fundamentals (Ref 58)', 'uploads/resource_58.pdf', 'BCA', 'Prof. Sunita Rao'),
(59, 'Web Tech HTML/CSS (Ref 59)', 'uploads/resource_59.pdf', 'BCA', 'Dr. Amit Sharma'),
(60, 'Software Engineering Guide (Ref 60)', 'uploads/resource_60.pdf', 'BCA', 'Dr. Vikram Seth');

-- --------------------------------------------------------

--
-- Table structure for table `student_details`
--

CREATE TABLE `student_details` (
  `id` int(11) NOT NULL,
  `user_id` int(11) DEFAULT NULL,
  `roll_number` varchar(20) DEFAULT NULL,
  `course` varchar(50) DEFAULT NULL,
  `phone` varchar(15) DEFAULT NULL,
  `address` text DEFAULT NULL,
  `photo` varchar(255) DEFAULT 'default_user.png'
) ENGINE=InnoDB DEFAULT CHARSET=utf8mb4 COLLATE=utf8mb4_general_ci;

--
-- Dumping data for table `student_details`
--

INSERT INTO `student_details` (`id`, `user_id`, `roll_number`, `course`, `phone`, `address`, `photo`) VALUES
(1, 2, 'IND-2026-1001', 'B.Tech CS', '+91-98765-10001', 'India', 'default_user.png'),
(2, 3, 'IND-2026-1002', 'B.Com', '+91-98765-10002', 'India', 'default_user.png'),
(3, 4, 'IND-2026-1003', 'B.Com', '+91-98765-10003', 'India', 'default_user.png'),
(4, 5, 'IND-2026-1004', 'B.Tech CS', '+91-98765-10004', 'India', 'default_user.png'),
(5, 6, 'IND-2026-1005', 'B.Tech CS', '+91-98765-10005', 'India', 'default_user.png'),
(6, 7, 'IND-2026-1006', 'B.Tech CS', '+91-98765-10006', 'India', 'default_user.png'),
(7, 8, 'IND-2026-1007', 'B.Com', '+91-98765-10007', 'India', 'default_user.png'),
(8, 9, 'IND-2026-1008', 'BBA', '+91-98765-10008', 'India', 'default_user.png'),
(9, 10, 'IND-2026-1009', 'BBA', '+91-98765-10009', 'India', 'default_user.png'),
(10, 11, 'IND-2026-1010', 'BBA', '+91-98765-10010', 'India', 'default_user.png'),
(11, 12, 'IND-2026-1011', 'B.Com', '+91-98765-10011', 'India', 'default_user.png'),
(12, 13, 'IND-2026-1012', 'BBA', '+91-98765-10012', 'India', 'default_user.png'),
(13, 14, 'IND-2026-1013', 'B.Com', '+91-98765-10013', 'India', 'default_user.png'),
(14, 15, 'IND-2026-1014', 'BBA', '+91-98765-10014', 'India', 'default_user.png'),
(15, 17, 'IND-2026-1016', 'BBA', '+91-98765-10016', 'India', 'default_user.png'),
(16, 18, 'IND-2026-1017', 'B.Com', '+91-98765-10017', 'India', 'default_user.png'),
(17, 19, 'IND-2026-1018', 'B.Tech CS', '+91-98765-10018', 'India', 'default_user.png'),
(18, 20, 'IND-2026-1019', 'B.Com', '+91-98765-10019', 'India', 'default_user.png'),
(19, 21, 'IND-2026-1020', 'BCA', '+91-98765-10020', 'India', 'default_user.png'),
(20, 22, 'IND-2026-1021', 'BCA', '+91-98765-10021', 'India', 'default_user.png'),
(21, 23, 'IND-2026-1022', 'B.Com', '+91-98765-10022', 'India', 'default_user.png'),
(22, 24, 'IND-2026-1023', 'BCA', '+91-98765-10023', 'India', 'default_user.png'),
(23, 25, 'IND-2026-1024', 'B.Com', '+91-98765-10024', 'India', 'default_user.png'),
(24, 26, 'IND-2026-1025', 'BBA', '+91-98765-10025', 'India', 'default_user.png'),
(25, 27, 'IND-2026-1026', 'BBA', '+91-98765-10026', 'India', 'default_user.png'),
(26, 28, 'IND-2026-1027', 'BBA', '+91-98765-10027', 'India', 'default_user.png'),
(27, 29, 'IND-2026-1028', 'B.Com', '+91-98765-10028', 'India', 'default_user.png'),
(28, 30, 'IND-2026-1029', 'BCA', '+91-98765-10029', 'India', 'default_user.png'),
(29, 32, 'IND-2026-1031', 'BBA', '+91-98765-10031', 'India', 'default_user.png'),
(30, 33, 'IND-2026-1032', 'B.Tech CS', '+91-98765-10032', 'India', 'default_user.png'),
(31, 34, 'IND-2026-1033', 'BCA', '+91-98765-10033', 'India', 'default_user.png'),
(32, 35, 'IND-2026-1034', 'B.Tech CS', '+91-98765-10034', 'India', 'default_user.png'),
(33, 36, 'IND-2026-1035', 'B.Com', '+91-98765-10035', 'India', 'default_user.png'),
(34, 37, 'IND-2026-1036', 'B.Com', '+91-98765-10036', 'India', 'default_user.png'),
(35, 38, 'IND-2026-1037', 'B.Com', '+91-98765-10037', 'India', 'default_user.png'),
(36, 39, 'IND-2026-1038', 'B.Com', '+91-98765-10038', 'India', 'default_user.png'),
(37, 40, 'IND-2026-1039', 'BBA', '+91-98765-10039', 'India', 'default_user.png'),
(38, 41, 'IND-2026-1040', 'B.Com', '+91-98765-10040', 'India', 'default_user.png'),
(39, 42, 'IND-2026-1041', 'BBA', '+91-98765-10041', 'India', 'default_user.png'),
(40, 43, 'IND-2026-1042', 'B.Tech CS', '+91-98765-10042', 'India', 'default_user.png'),
(41, 44, 'IND-2026-1043', 'B.Tech CS', '+91-98765-10043', 'India', 'default_user.png'),
(42, 45, 'IND-2026-1044', 'B.Com', '+91-98765-10044', 'India', 'default_user.png'),
(43, 47, 'IND-2026-1046', 'BCA', '+91-98765-10046', 'India', 'default_user.png'),
(44, 48, 'IND-2026-1047', 'B.Com', '+91-98765-10047', 'India', 'default_user.png'),
(45, 49, 'IND-2026-1048', 'BCA', '+91-98765-10048', 'India', 'default_user.png'),
(46, 50, 'IND-2026-1049', 'B.Com', '+91-98765-10049', 'India', 'default_user.png'),
(47, 51, 'IND-2026-1050', 'BBA', '+91-98765-10050', 'India', 'default_user.png'),
(48, 52, 'IND-2026-1051', 'BCA', '+91-98765-10051', 'India', 'default_user.png'),
(49, 53, 'IND-2026-1052', 'BCA', '+91-98765-10052', 'India', 'default_user.png'),
(50, 54, 'IND-2026-1053', 'BBA', '+91-98765-10053', 'India', 'default_user.png'),
(51, 55, 'IND-2026-1054', 'BCA', '+91-98765-10054', 'India', 'default_user.png'),
(52, 56, 'IND-2026-1055', 'B.Com', '+91-98765-10055', 'India', 'default_user.png'),
(53, 57, 'IND-2026-1056', 'B.Com', '+91-98765-10056', 'India', 'default_user.png'),
(54, 58, 'IND-2026-1057', 'BBA', '+91-98765-10057', 'India', 'default_user.png'),
(55, 59, 'IND-2026-1058', 'BBA', '+91-98765-10058', 'India', 'default_user.png'),
(56, 60, 'IND-2026-1059', 'B.Tech CS', '+91-98765-10059', 'India', 'default_user.png'),
(57, 62, 'IND-2026-1061', 'BBA', '+91-98765-10061', 'India', 'default_user.png'),
(58, 63, 'IND-2026-1062', 'BBA', '+91-98765-10062', 'India', 'default_user.png'),
(59, 64, 'IND-2026-1063', 'B.Tech CS', '+91-98765-10063', 'India', 'default_user.png'),
(60, 65, 'IND-2026-1064', 'B.Com', '+91-98765-10064', 'India', 'default_user.png'),
(61, 66, 'IND-2026-1065', 'BCA', '+91-98765-10065', 'India', 'default_user.png'),
(62, 67, 'IND-2026-1066', 'B.Tech CS', '+91-98765-10066', 'India', 'default_user.png'),
(63, 68, 'IND-2026-1067', 'B.Tech CS', '+91-98765-10067', 'India', 'default_user.png'),
(64, 69, 'IND-2026-1068', 'BCA', '+91-98765-10068', 'India', 'default_user.png'),
(65, 70, 'IND-2026-1069', 'B.Com', '+91-98765-10069', 'India', 'default_user.png'),
(66, 71, 'IND-2026-1070', 'BBA', '+91-98765-10070', 'India', 'default_user.png'),
(67, 72, 'IND-2026-1071', 'B.Com', '+91-98765-10071', 'India', 'default_user.png'),
(68, 73, 'IND-2026-1072', 'B.Tech CS', '+91-98765-10072', 'India', 'default_user.png'),
(69, 74, 'IND-2026-1073', 'BBA', '+91-98765-10073', 'India', 'default_user.png'),
(70, 75, 'IND-2026-1074', 'B.Com', '+91-98765-10074', 'India', 'default_user.png'),
(71, 77, 'IND-2026-1076', 'B.Com', '+91-98765-10076', 'India', 'default_user.png'),
(72, 78, 'IND-2026-1077', 'BBA', '+91-98765-10077', 'India', 'default_user.png'),
(73, 79, 'IND-2026-1078', 'BCA', '+91-98765-10078', 'India', 'default_user.png'),
(74, 80, 'IND-2026-1079', 'B.Tech CS', '+91-98765-10079', 'India', 'default_user.png'),
(75, 81, 'IND-2026-1080', 'B.Tech CS', '+91-98765-10080', 'India', 'default_user.png'),
(76, 82, 'IND-2026-1081', 'B.Com', '+91-98765-10081', 'India', 'default_user.png'),
(77, 83, 'IND-2026-1082', 'BCA', '+91-98765-10082', 'India', 'default_user.png'),
(78, 84, 'IND-2026-1083', 'BBA', '+91-98765-10083', 'India', 'default_user.png'),
(79, 85, 'IND-2026-1084', 'B.Com', '+91-98765-10084', 'India', 'default_user.png'),
(80, 86, 'IND-2026-1085', 'BCA', '+91-98765-10085', 'India', 'default_user.png'),
(81, 87, 'IND-2026-1086', 'BCA', '+91-98765-10086', 'India', 'default_user.png'),
(82, 88, 'IND-2026-1087', 'BBA', '+91-98765-10087', 'India', 'default_user.png'),
(83, 89, 'IND-2026-1088', 'B.Com', '+91-98765-10088', 'India', 'default_user.png'),
(84, 90, 'IND-2026-1089', 'BBA', '+91-98765-10089', 'India', 'default_user.png'),
(85, 92, 'IND-2026-1091', 'B.Com', '+91-98765-10091', 'India', 'default_user.png'),
(86, 93, 'IND-2026-1092', 'B.Com', '+91-98765-10092', 'India', 'default_user.png'),
(87, 94, 'IND-2026-1093', 'BBA', '+91-98765-10093', 'India', 'default_user.png'),
(88, 95, 'IND-2026-1094', 'B.Tech CS', '+91-98765-10094', 'India', 'default_user.png'),
(89, 96, 'IND-2026-1095', 'B.Tech CS', '+91-98765-10095', 'India', 'default_user.png'),
(90, 97, 'IND-2026-1096', 'BBA', '+91-98765-10096', 'India', 'default_user.png'),
(91, 98, 'IND-2026-1097', 'B.Tech CS', '+91-98765-10097', 'India', 'default_user.png'),
(92, 99, 'IND-2026-1098', 'BBA', '+91-98765-10098', 'India', 'default_user.png'),
(93, 100, 'IND-2026-1099', 'BBA', '+91-98765-10099', 'India', 'default_user.png'),
(94, 101, 'IND-2026-1100', 'BCA', '+91-98765-10100', 'India', 'default_user.png'),
(95, 102, 'IND-2026-1101', 'BBA', '+91-98765-10101', 'India', 'default_user.png'),
(96, 103, 'IND-2026-1102', 'BCA', '+91-98765-10102', 'India', 'default_user.png'),
(97, 104, 'IND-2026-1103', 'BBA', '+91-98765-10103', 'India', 'default_user.png'),
(98, 105, 'IND-2026-1104', 'BCA', '+91-98765-10104', 'India', 'default_user.png'),
(99, 107, 'IND-2026-1106', 'BBA', '+91-98765-10106', 'India', 'default_user.png'),
(100, 108, 'IND-2026-1107', 'B.Com', '+91-98765-10107', 'India', 'default_user.png'),
(101, 109, 'IND-2026-1108', 'BBA', '+91-98765-10108', 'India', 'default_user.png'),
(102, 110, 'IND-2026-1109', 'BCA', '+91-98765-10109', 'India', 'default_user.png'),
(103, 111, 'IND-2026-1110', 'BCA', '+91-98765-10110', 'India', 'default_user.png'),
(104, 112, 'IND-2026-1111', 'BCA', '+91-98765-10111', 'India', 'default_user.png'),
(105, 113, 'IND-2026-1112', 'BBA', '+91-98765-10112', 'India', 'default_user.png'),
(106, 114, 'IND-2026-1113', 'BBA', '+91-98765-10113', 'India', 'default_user.png'),
(107, 115, 'IND-2026-1114', 'B.Tech CS', '+91-98765-10114', 'India', 'default_user.png'),
(108, 116, 'IND-2026-1115', 'B.Com', '+91-98765-10115', 'India', 'default_user.png'),
(109, 117, 'IND-2026-1116', 'BBA', '+91-98765-10116', 'India', 'default_user.png'),
(110, 118, 'IND-2026-1117', 'BCA', '+91-98765-10117', 'India', 'default_user.png'),
(111, 119, 'IND-2026-1118', 'B.Tech CS', '+91-98765-10118', 'India', 'default_user.png'),
(112, 120, 'IND-2026-1119', 'BCA', '+91-98765-10119', 'India', 'default_user.png'),
(113, 122, 'IND-2026-1121', 'B.Tech CS', '+91-98765-10121', 'India', 'default_user.png'),
(114, 123, 'IND-2026-1122', 'BCA', '+91-98765-10122', 'India', 'default_user.png'),
(115, 124, 'IND-2026-1123', 'BCA', '+91-98765-10123', 'India', 'default_user.png'),
(116, 125, 'IND-2026-1124', 'BCA', '+91-98765-10124', 'India', 'default_user.png'),
(117, 126, 'IND-2026-1125', 'BCA', '+91-98765-10125', 'India', 'default_user.png'),
(118, 127, 'IND-2026-1126', 'B.Com', '+91-98765-10126', 'India', 'default_user.png'),
(119, 128, 'IND-2026-1127', 'BBA', '+91-98765-10127', 'India', 'default_user.png'),
(120, 129, 'IND-2026-1128', 'BBA', '+91-98765-10128', 'India', 'default_user.png'),
(121, 130, 'IND-2026-1129', 'BCA', '+91-98765-10129', 'India', 'default_user.png'),
(122, 131, 'IND-2026-1130', 'B.Tech CS', '+91-98765-10130', 'India', 'default_user.png'),
(123, 132, 'IND-2026-1131', 'B.Tech CS', '+91-98765-10131', 'India', 'default_user.png'),
(124, 133, 'IND-2026-1132', 'BCA', '+91-98765-10132', 'India', 'default_user.png'),
(125, 134, 'IND-2026-1133', 'B.Com', '+91-98765-10133', 'India', 'default_user.png'),
(126, 135, 'IND-2026-1134', 'BBA', '+91-98765-10134', 'India', 'default_user.png'),
(127, 137, 'IND-2026-1136', 'BCA', '+91-98765-10136', 'India', 'default_user.png'),
(128, 138, 'IND-2026-1137', 'B.Com', '+91-98765-10137', 'India', 'default_user.png'),
(129, 139, 'IND-2026-1138', 'B.Tech CS', '+91-98765-10138', 'India', 'default_user.png'),
(130, 140, 'IND-2026-1139', 'BCA', '+91-98765-10139', 'India', 'default_user.png'),
(131, 141, 'IND-2026-1140', 'BBA', '+91-98765-10140', 'India', 'default_user.png'),
(132, 142, 'IND-2026-1141', 'BBA', '+91-98765-10141', 'India', 'default_user.png'),
(133, 143, 'IND-2026-1142', 'B.Com', '+91-98765-10142', 'India', 'default_user.png'),
(134, 144, 'IND-2026-1143', 'B.Tech CS', '+91-98765-10143', 'India', 'default_user.png'),
(135, 145, 'IND-2026-1144', 'B.Tech CS', '+91-98765-10144', 'India', 'default_user.png'),
(136, 146, 'IND-2026-1145', 'B.Com', '+91-98765-10145', 'India', 'default_user.png'),
(137, 147, 'IND-2026-1146', 'B.Com', '+91-98765-10146', 'India', 'default_user.png'),
(138, 148, 'IND-2026-1147', 'BBA', '+91-98765-10147', 'India', 'default_user.png'),
(139, 149, 'IND-2026-1148', 'B.Com', '+91-98765-10148', 'India', 'default_user.png'),
(140, 150, 'IND-2026-1149', 'BCA', '+91-98765-10149', 'India', 'default_user.png'),
(141, 152, 'IND-2026-1151', 'BCA', '+91-98765-10151', 'India', 'default_user.png'),
(142, 153, 'IND-2026-1152', 'B.Com', '+91-98765-10152', 'India', 'default_user.png'),
(143, 154, 'IND-2026-1153', 'BCA', '+91-98765-10153', 'India', 'default_user.png'),
(144, 155, 'IND-2026-1154', 'BBA', '+91-98765-10154', 'India', 'default_user.png'),
(145, 156, 'IND-2026-1155', 'BCA', '+91-98765-10155', 'India', 'default_user.png'),
(146, 157, 'IND-2026-1156', 'BCA', '+91-98765-10156', 'India', 'default_user.png'),
(147, 158, 'IND-2026-1157', 'B.Com', '+91-98765-10157', 'India', 'default_user.png'),
(148, 159, 'IND-2026-1158', 'BCA', '+91-98765-10158', 'India', 'default_user.png'),
(149, 160, 'IND-2026-1159', 'BBA', '+91-98765-10159', 'India', 'default_user.png'),
(150, 161, 'IND-2026-1160', 'BBA', '+91-98765-10160', 'India', 'default_user.png'),
(151, 162, 'IND-2026-1161', 'B.Tech CS', '+91-98765-10161', 'India', 'default_user.png'),
(152, 163, 'IND-2026-1162', 'B.Tech CS', '+91-98765-10162', 'India', 'default_user.png'),
(153, 164, 'IND-2026-1163', 'B.Com', '+91-98765-10163', 'India', 'default_user.png'),
(154, 165, 'IND-2026-1164', 'BCA', '+91-98765-10164', 'India', 'default_user.png'),
(155, 167, 'IND-2026-1166', 'BCA', '+91-98765-10166', 'India', 'default_user.png'),
(156, 168, 'IND-2026-1167', 'BCA', '+91-98765-10167', 'India', 'default_user.png'),
(157, 169, 'IND-2026-1168', 'BCA', '+91-98765-10168', 'India', 'default_user.png'),
(158, 170, 'IND-2026-1169', 'B.Com', '+91-98765-10169', 'India', 'default_user.png'),
(159, 171, 'IND-2026-1170', 'BBA', '+91-98765-10170', 'India', 'default_user.png'),
(160, 172, 'IND-2026-1171', 'BBA', '+91-98765-10171', 'India', 'default_user.png'),
(161, 173, 'IND-2026-1172', 'BCA', '+91-98765-10172', 'India', 'default_user.png'),
(162, 174, 'IND-2026-1173', 'B.Tech CS', '+91-98765-10173', 'India', 'default_user.png'),
(163, 175, 'IND-2026-1174', 'BCA', '+91-98765-10174', 'India', 'default_user.png'),
(164, 176, 'IND-2026-1175', 'BBA', '+91-98765-10175', 'India', 'default_user.png'),
(165, 177, 'IND-2026-1176', 'BBA', '+91-98765-10176', 'India', 'default_user.png'),
(166, 178, 'IND-2026-1177', 'B.Tech CS', '+91-98765-10177', 'India', 'default_user.png'),
(167, 179, 'IND-2026-1178', 'B.Com', '+91-98765-10178', 'India', 'default_user.png'),
(168, 180, 'IND-2026-1179', 'B.Com', '+91-98765-10179', 'India', 'default_user.png'),
(169, 182, 'IND-2026-1181', 'BBA', '+91-98765-10181', 'India', 'default_user.png'),
(170, 183, 'IND-2026-1182', 'BCA', '+91-98765-10182', 'India', 'default_user.png'),
(171, 184, 'IND-2026-1183', 'BBA', '+91-98765-10183', 'India', 'default_user.png'),
(172, 185, 'IND-2026-1184', 'B.Tech CS', '+91-98765-10184', 'India', 'default_user.png'),
(173, 186, 'IND-2026-1185', 'BBA', '+91-98765-10185', 'India', 'default_user.png'),
(174, 187, 'IND-2026-1186', 'BBA', '+91-98765-10186', 'India', 'default_user.png'),
(175, 188, 'IND-2026-1187', 'BBA', '+91-98765-10187', 'India', 'default_user.png'),
(176, 189, 'IND-2026-1188', 'B.Com', '+91-98765-10188', 'India', 'default_user.png'),
(177, 190, 'IND-2026-1189', 'BBA', '+91-98765-10189', 'India', 'default_user.png'),
(178, 191, 'IND-2026-1190', 'B.Tech CS', '+91-98765-10190', 'India', 'default_user.png'),
(179, 192, 'IND-2026-1191', 'B.Com', '+91-98765-10191', 'India', 'default_user.png'),
(180, 193, 'IND-2026-1192', 'BBA', '+91-98765-10192', 'India', 'default_user.png'),
(181, 194, 'IND-2026-1193', 'B.Tech CS', '+91-98765-10193', 'India', 'default_user.png'),
(182, 195, 'IND-2026-1194', 'B.Com', '+91-98765-10194', 'India', 'default_user.png'),
(183, 197, 'IND-2026-1196', 'BCA', '+91-98765-10196', 'India', 'default_user.png'),
(184, 198, 'IND-2026-1197', 'BCA', '+91-98765-10197', 'India', 'default_user.png'),
(185, 199, 'IND-2026-1198', 'B.Com', '+91-98765-10198', 'India', 'default_user.png'),
(186, 200, 'IND-2026-1199', 'BBA', '+91-98765-10199', 'India', 'default_user.png'),
(187, 201, 'IND-2026-1200', 'BCA', '+91-98765-10200', 'India', 'default_user.png'),
(188, 202, 'IND-2026-1201', 'BCA', '+91-98765-10201', 'India', 'default_user.png'),
(189, 203, 'IND-2026-1202', 'B.Tech CS', '+91-98765-10202', 'India', 'default_user.png'),
(190, 204, 'IND-2026-1203', 'B.Com', '+91-98765-10203', 'India', 'default_user.png'),
(191, 205, 'IND-2026-1204', 'BCA', '+91-98765-10204', 'India', 'default_user.png'),
(192, 206, 'IND-2026-1205', 'B.Com', '+91-98765-10205', 'India', 'default_user.png'),
(193, 207, 'IND-2026-1206', 'B.Tech CS', '+91-98765-10206', 'India', 'default_user.png'),
(194, 208, 'IND-2026-1207', 'B.Tech CS', '+91-98765-10207', 'India', 'default_user.png'),
(195, 209, 'IND-2026-1208', 'BCA', '+91-98765-10208', 'India', 'default_user.png'),
(196, 210, 'IND-2026-1209', 'B.Tech CS', '+91-98765-10209', 'India', 'default_user.png'),
(197, 212, 'IND-2026-1211', 'BBA', '+91-98765-10211', 'India', 'default_user.png'),
(198, 213, 'IND-2026-1212', 'B.Tech CS', '+91-98765-10212', 'India', 'default_user.png'),
(199, 214, 'IND-2026-1213', 'B.Com', '+91-98765-10213', 'India', 'default_user.png'),
(200, 215, 'IND-2026-1214', 'BCA', '+91-98765-10214', 'India', 'default_user.png'),
(201, 216, 'IND-2026-1215', 'BBA', '+91-98765-10215', 'India', 'default_user.png'),
(202, 217, 'IND-2026-1216', 'B.Com', '+91-98765-10216', 'India', 'default_user.png'),
(203, 218, 'IND-2026-1217', 'BCA', '+91-98765-10217', 'India', 'default_user.png'),
(204, 219, 'IND-2026-1218', 'BBA', '+91-98765-10218', 'India', 'default_user.png'),
(205, 220, 'IND-2026-1219', 'B.Com', '+91-98765-10219', 'India', 'default_user.png'),
(206, 221, 'IND-2026-1220', 'B.Com', '+91-98765-10220', 'India', 'default_user.png'),
(207, 222, 'IND-2026-1221', 'B.Tech CS', '+91-98765-10221', 'India', 'default_user.png'),
(208, 223, 'IND-2026-1222', 'BCA', '+91-98765-10222', 'India', 'default_user.png'),
(209, 224, 'IND-2026-1223', 'BCA', '+91-98765-10223', 'India', 'default_user.png'),
(210, 225, 'IND-2026-1224', 'BBA', '+91-98765-10224', 'India', 'default_user.png'),
(211, 227, 'IND-2026-1226', 'B.Com', '+91-98765-10226', 'India', 'default_user.png'),
(212, 228, 'IND-2026-1227', 'B.Com', '+91-98765-10227', 'India', 'default_user.png'),
(213, 229, 'IND-2026-1228', 'B.Com', '+91-98765-10228', 'India', 'default_user.png'),
(214, 230, 'IND-2026-1229', 'B.Tech CS', '+91-98765-10229', 'India', 'default_user.png'),
(215, 231, 'IND-2026-1230', 'B.Com', '+91-98765-10230', 'India', 'default_user.png'),
(216, 232, 'IND-2026-1231', 'BBA', '+91-98765-10231', 'India', 'default_user.png'),
(217, 233, 'IND-2026-1232', 'BCA', '+91-98765-10232', 'India', 'default_user.png'),
(218, 234, 'IND-2026-1233', 'B.Com', '+91-98765-10233', 'India', 'default_user.png'),
(219, 235, 'IND-2026-1234', 'BCA', '+91-98765-10234', 'India', 'default_user.png'),
(220, 236, 'IND-2026-1235', 'BBA', '+91-98765-10235', 'India', 'default_user.png'),
(221, 237, 'IND-2026-1236', 'BBA', '+91-98765-10236', 'India', 'default_user.png'),
(222, 238, 'IND-2026-1237', 'B.Tech CS', '+91-98765-10237', 'India', 'default_user.png'),
(223, 239, 'IND-2026-1238', 'BCA', '+91-98765-10238', 'India', 'default_user.png'),
(224, 240, 'IND-2026-1239', 'B.Tech CS', '+91-98765-10239', 'India', 'default_user.png'),
(225, 242, 'IND-2026-1241', 'BCA', '+91-98765-10241', 'India', 'default_user.png'),
(226, 243, 'IND-2026-1242', 'B.Tech CS', '+91-98765-10242', 'India', 'default_user.png'),
(227, 244, 'IND-2026-1243', 'BBA', '+91-98765-10243', 'India', 'default_user.png'),
(228, 245, 'IND-2026-1244', 'BCA', '+91-98765-10244', 'India', 'default_user.png'),
(229, 246, 'IND-2026-1245', 'BBA', '+91-98765-10245', 'India', 'default_user.png'),
(230, 247, 'IND-2026-1246', 'B.Tech CS', '+91-98765-10246', 'India', 'default_user.png'),
(231, 248, 'IND-2026-1247', 'BCA', '+91-98765-10247', 'India', 'default_user.png'),
(232, 249, 'IND-2026-1248', 'B.Com', '+91-98765-10248', 'India', 'default_user.png'),
(233, 250, 'IND-2026-1249', 'BCA', '+91-98765-10249', 'India', 'default_user.png'),
(234, 251, 'IND-2026-1250', 'B.Tech CS', '+91-98765-10250', 'India', 'default_user.png'),
(235, 252, 'IND-2026-1251', 'BBA', '+91-98765-10251', 'India', 'default_user.png'),
(236, 253, 'IND-2026-1252', 'BBA', '+91-98765-10252', 'India', 'default_user.png'),
(237, 254, 'IND-2026-1253', 'B.Tech CS', '+91-98765-10253', 'India', 'default_user.png'),
(238, 255, 'IND-2026-1254', 'BCA', '+91-98765-10254', 'India', 'default_user.png'),
(239, 257, 'IND-2026-1256', 'B.Tech CS', '+91-98765-10256', 'India', 'default_user.png'),
(240, 258, 'IND-2026-1257', 'B.Tech CS', '+91-98765-10257', 'India', 'default_user.png'),
(241, 259, 'IND-2026-1258', 'B.Com', '+91-98765-10258', 'India', 'default_user.png'),
(242, 260, 'IND-2026-1259', 'BBA', '+91-98765-10259', 'India', 'default_user.png'),
(243, 261, 'IND-2026-1260', 'BBA', '+91-98765-10260', 'India', 'default_user.png'),
(244, 262, 'IND-2026-1261', 'B.Tech CS', '+91-98765-10261', 'India', 'default_user.png'),
(245, 263, 'IND-2026-1262', 'B.Tech CS', '+91-98765-10262', 'India', 'default_user.png'),
(246, 264, 'IND-2026-1263', 'BBA', '+91-98765-10263', 'India', 'default_user.png'),
(247, 265, 'IND-2026-1264', 'BBA', '+91-98765-10264', 'India', 'default_user.png'),
(248, 266, 'IND-2026-1265', 'B.Com', '+91-98765-10265', 'India', 'default_user.png'),
(249, 267, 'IND-2026-1266', 'BCA', '+91-98765-10266', 'India', 'default_user.png'),
(250, 268, 'IND-2026-1267', 'BCA', '+91-98765-10267', 'India', 'default_user.png'),
(251, 269, 'IND-2026-1268', 'BBA', '+91-98765-10268', 'India', 'default_user.png'),
(252, 270, 'IND-2026-1269', 'B.Com', '+91-98765-10269', 'India', 'default_user.png'),
(253, 272, 'IND-2026-1271', 'BCA', '+91-98765-10271', 'India', 'default_user.png'),
(254, 273, 'IND-2026-1272', 'B.Tech CS', '+91-98765-10272', 'India', 'default_user.png'),
(255, 274, 'IND-2026-1273', 'B.Tech CS', '+91-98765-10273', 'India', 'default_user.png'),
(256, 275, 'IND-2026-1274', 'B.Tech CS', '+91-98765-10274', 'India', 'default_user.png'),
(257, 276, 'IND-2026-1275', 'B.Tech CS', '+91-98765-10275', 'India', 'default_user.png'),
(258, 277, 'IND-2026-1276', 'BCA', '+91-98765-10276', 'India', 'default_user.png'),
(259, 278, 'IND-2026-1277', 'BBA', '+91-98765-10277', 'India', 'default_user.png'),
(260, 279, 'IND-2026-1278', 'BBA', '+91-98765-10278', 'India', 'default_user.png'),
(261, 280, 'IND-2026-1279', 'BBA', '+91-98765-10279', 'India', 'default_user.png'),
(262, 281, 'IND-2026-1280', 'B.Tech CS', '+91-98765-10280', 'India', 'default_user.png'),
(263, 282, 'IND-2026-1281', 'BCA', '+91-98765-10281', 'India', 'default_user.png'),
(264, 283, 'IND-2026-1282', 'BCA', '+91-98765-10282', 'India', 'default_user.png'),
(265, 284, 'IND-2026-1283', 'B.Com', '+91-98765-10283', 'India', 'default_user.png'),
(266, 285, 'IND-2026-1284', 'B.Com', '+91-98765-10284', 'India', 'default_user.png'),
(267, 287, 'IND-2026-1286', 'B.Tech CS', '+91-98765-10286', 'India', 'default_user.png'),
(268, 288, 'IND-2026-1287', 'BCA', '+91-98765-10287', 'India', 'default_user.png'),
(269, 289, 'IND-2026-1288', 'BBA', '+91-98765-10288', 'India', 'default_user.png'),
(270, 290, 'IND-2026-1289', 'B.Tech CS', '+91-98765-10289', 'India', 'default_user.png'),
(271, 291, 'IND-2026-1290', 'BCA', '+91-98765-10290', 'India', 'default_user.png'),
(272, 292, 'IND-2026-1291', 'BCA', '+91-98765-10291', 'India', 'default_user.png'),
(273, 293, 'IND-2026-1292', 'BBA', '+91-98765-10292', 'India', 'default_user.png'),
(274, 294, 'IND-2026-1293', 'B.Tech CS', '+91-98765-10293', 'India', 'default_user.png'),
(275, 295, 'IND-2026-1294', 'B.Com', '+91-98765-10294', 'India', 'default_user.png'),
(276, 296, 'IND-2026-1295', 'B.Com', '+91-98765-10295', 'India', 'default_user.png'),
(277, 297, 'IND-2026-1296', 'B.Com', '+91-98765-10296', 'India', 'default_user.png'),
(278, 298, 'IND-2026-1297', 'BBA', '+91-98765-10297', 'India', 'default_user.png'),
(279, 299, 'IND-2026-1298', 'B.Com', '+91-98765-10298', 'India', 'default_user.png'),
(280, 300, 'IND-2026-1299', 'BCA', '+91-98765-10299', 'India', 'default_user.png'),
(281, 302, 'IND-2026-1301', 'BCA', '+91-98765-10301', 'India', 'default_user.png'),
(282, 303, 'IND-2026-1302', 'B.Tech CS', '+91-98765-10302', 'India', 'default_user.png'),
(283, 304, 'IND-2026-1303', 'B.Com', '+91-98765-10303', 'India', 'default_user.png'),
(284, 305, 'IND-2026-1304', 'BCA', '+91-98765-10304', 'India', 'default_user.png'),
(285, 306, 'IND-2026-1305', 'B.Com', '+91-98765-10305', 'India', 'default_user.png'),
(286, 307, 'IND-2026-1306', 'BBA', '+91-98765-10306', 'India', 'default_user.png'),
(287, 308, 'IND-2026-1307', 'BBA', '+91-98765-10307', 'India', 'default_user.png'),
(288, 309, 'IND-2026-1308', 'B.Com', '+91-98765-10308', 'India', 'default_user.png'),
(289, 310, 'IND-2026-1309', 'BCA', '+91-98765-10309', 'India', 'default_user.png'),
(290, 311, 'IND-2026-1310', 'B.Tech CS', '+91-98765-10310', 'India', 'default_user.png'),
(291, 312, 'IND-2026-1311', 'B.Tech CS', '+91-98765-10311', 'India', 'default_user.png'),
(292, 313, 'IND-2026-1312', 'B.Com', '+91-98765-10312', 'India', 'default_user.png'),
(293, 314, 'IND-2026-1313', 'B.Tech CS', '+91-98765-10313', 'India', 'default_user.png'),
(294, 315, 'IND-2026-1314', 'BCA', '+91-98765-10314', 'India', 'default_user.png'),
(295, 317, 'IND-2026-1316', 'BCA', '+91-98765-10316', 'India', 'default_user.png'),
(296, 318, 'IND-2026-1317', 'BCA', '+91-98765-10317', 'India', 'default_user.png'),
(297, 319, 'IND-2026-1318', 'BCA', '+91-98765-10318', 'India', 'default_user.png'),
(298, 320, 'IND-2026-1319', 'B.Com', '+91-98765-10319', 'India', 'default_user.png'),
(299, 321, 'IND-2026-1320', 'B.Tech CS', '+91-98765-10320', 'India', 'default_user.png'),
(300, 322, 'IND-2026-1321', 'B.Tech CS', '+91-98765-10321', 'India', 'default_user.png'),
(301, 323, 'IND-2026-1322', 'B.Com', '+91-98765-10322', 'India', 'default_user.png'),
(302, 324, 'IND-2026-1323', 'B.Com', '+91-98765-10323', 'India', 'default_user.png'),
(303, 325, 'IND-2026-1324', 'BCA', '+91-98765-10324', 'India', 'default_user.png'),
(304, 326, 'IND-2026-1325', 'B.Com', '+91-98765-10325', 'India', 'default_user.png'),
(305, 327, 'IND-2026-1326', 'BCA', '+91-98765-10326', 'India', 'default_user.png'),
(306, 328, 'IND-2026-1327', 'B.Com', '+91-98765-10327', 'India', 'default_user.png'),
(307, 329, 'IND-2026-1328', 'BBA', '+91-98765-10328', 'India', 'default_user.png'),
(308, 330, 'IND-2026-1329', 'B.Tech CS', '+91-98765-10329', 'India', 'default_user.png'),
(309, 332, 'IND-2026-1331', 'B.Tech CS', '+91-98765-10331', 'India', 'default_user.png'),
(310, 333, 'IND-2026-1332', 'BBA', '+91-98765-10332', 'India', 'default_user.png'),
(311, 334, 'IND-2026-1333', 'BCA', '+91-98765-10333', 'India', 'default_user.png'),
(312, 335, 'IND-2026-1334', 'B.Com', '+91-98765-10334', 'India', 'default_user.png'),
(313, 336, 'IND-2026-1335', 'B.Tech CS', '+91-98765-10335', 'India', 'default_user.png'),
(314, 337, 'IND-2026-1336', 'BCA', '+91-98765-10336', 'India', 'default_user.png'),
(315, 338, 'IND-2026-1337', 'BCA', '+91-98765-10337', 'India', 'default_user.png'),
(316, 339, 'IND-2026-1338', 'BCA', '+91-98765-10338', 'India', 'default_user.png'),
(317, 340, 'IND-2026-1339', 'BBA', '+91-98765-10339', 'India', 'default_user.png'),
(318, 341, 'IND-2026-1340', 'B.Tech CS', '+91-98765-10340', 'India', 'default_user.png'),
(319, 342, 'IND-2026-1341', 'B.Com', '+91-98765-10341', 'India', 'default_user.png'),
(320, 343, 'IND-2026-1342', 'B.Tech CS', '+91-98765-10342', 'India', 'default_user.png'),
(321, 344, 'IND-2026-1343', 'B.Tech CS', '+91-98765-10343', 'India', 'default_user.png'),
(322, 345, 'IND-2026-1344', 'BCA', '+91-98765-10344', 'India', 'default_user.png'),
(323, 347, 'IND-2026-1346', 'B.Tech CS', '+91-98765-10346', 'India', 'default_user.png'),
(324, 348, 'IND-2026-1347', 'B.Com', '+91-98765-10347', 'India', 'default_user.png'),
(325, 349, 'IND-2026-1348', 'BBA', '+91-98765-10348', 'India', 'default_user.png'),
(326, 350, 'IND-2026-1349', 'BBA', '+91-98765-10349', 'India', 'default_user.png'),
(327, 351, 'IND-2026-1350', 'B.Com', '+91-98765-10350', 'India', 'default_user.png');

-- --------------------------------------------------------

--
-- Table structure for table `users`
--

CREATE TABLE `users` (
  `id` int(11) NOT NULL,
  `full_name` varchar(100) NOT NULL,
  `email` varchar(100) NOT NULL,
  `password` varchar(255) NOT NULL,
  `role` enum('admin','student','faculty') DEFAULT 'student',
  `created_at` timestamp NOT NULL DEFAULT current_timestamp()
) ENGINE=InnoDB DEFAULT CHARSET=utf8mb4 COLLATE=utf8mb4_general_ci;

--
-- Dumping data for table `users`
--

INSERT INTO `users` (`id`, `full_name`, `email`, `password`, `role`, `created_at`) VALUES
(1, 'System Administrator', 'admin@college.com', 'admin123', 'admin', '2026-01-18 06:56:24'),
(2, 'Aditya Patel', 'aditya.patel1@gmail.com', 'aditya@123', 'student', '2026-01-18 06:56:24'),
(3, 'Vihaan Mehta', 'vihaan.mehta2@gmail.com', 'vihaan@123', 'student', '2026-01-18 06:56:24'),
(4, 'Rahul Iyer', 'rahul.iyer3@gmail.com', 'rahul@123', 'student', '2026-01-18 06:56:24'),
(5, 'Zoya Reddy', 'zoya.reddy4@gmail.com', 'zoya@123', 'student', '2026-01-18 06:56:24'),
(6, 'Rahul Patel', 'rahul.patel5@gmail.com', 'rahul@123', 'student', '2026-01-18 06:56:24'),
(7, 'Sanya Singh', 'sanya.singh6@gmail.com', 'sanya@123', 'student', '2026-01-18 06:56:24'),
(8, 'Ishaan Malhotra', 'ishaan.malhotra7@gmail.com', 'ishaan@123', 'student', '2026-01-18 06:56:24'),
(9, 'Sneha Verma', 'sneha.verma8@gmail.com', 'sneha@123', 'student', '2026-01-18 06:56:24'),
(10, 'Karan Gupta', 'karan.gupta9@gmail.com', 'karan@123', 'student', '2026-01-18 06:56:24'),
(11, 'Arjun Mehta', 'arjun.mehta10@gmail.com', 'arjun@123', 'student', '2026-01-18 06:56:24'),
(12, 'Sanya Verma', 'sanya.verma11@gmail.com', 'sanya@123', 'student', '2026-01-18 06:56:24'),
(13, 'Ananya Malhotra', 'ananya.malhotra12@gmail.com', 'ananya@123', 'student', '2026-01-18 06:56:24'),
(14, 'Karan Patel', 'karan.patel13@gmail.com', 'karan@123', 'student', '2026-01-18 06:56:24'),
(15, 'Rahul Singh', 'rahul.singh14@gmail.com', 'rahul@123', 'student', '2026-01-18 06:56:24'),
(16, 'Vihaan Singh', 'vihaan15@college.edu.in', 'vihaan@123', 'faculty', '2026-01-18 06:56:24'),
(17, 'Rohan Patel', 'rohan.patel16@gmail.com', 'rohan@123', 'student', '2026-01-18 06:56:24'),
(18, 'Sanya Verma', 'sanya.verma17@gmail.com', 'sanya@123', 'student', '2026-01-18 06:56:24'),
(19, 'Karan Mehta', 'karan.mehta18@gmail.com', 'karan@123', 'student', '2026-01-18 06:56:24'),
(20, 'Rahul Verma', 'rahul.verma19@gmail.com', 'rahul@123', 'student', '2026-01-18 06:56:24'),
(21, 'Vihaan Gupta', 'vihaan.gupta20@gmail.com', 'vihaan@123', 'student', '2026-01-18 06:56:24'),
(22, 'Zoya Sharma', 'zoya.sharma21@gmail.com', 'zoya@123', 'student', '2026-01-18 06:56:24'),
(23, 'Rahul Verma', 'rahul.verma22@gmail.com', 'rahul@123', 'student', '2026-01-18 06:56:24'),
(24, 'Aditya Reddy', 'aditya.reddy23@gmail.com', 'aditya@123', 'student', '2026-01-18 06:56:24'),
(25, 'Vihaan Patel', 'vihaan.patel24@gmail.com', 'vihaan@123', 'student', '2026-01-18 06:56:24'),
(26, 'Meera Chauhan', 'meera.chauhan25@gmail.com', 'meera@123', 'student', '2026-01-18 06:56:24'),
(27, 'Karan Iyer', 'karan.iyer26@gmail.com', 'karan@123', 'student', '2026-01-18 06:56:24'),
(28, 'Zoya Reddy', 'zoya.reddy27@gmail.com', 'zoya@123', 'student', '2026-01-18 06:56:24'),
(29, 'Aavya Singh', 'aavya.singh28@gmail.com', 'aavya@123', 'student', '2026-01-18 06:56:24'),
(30, 'Vihaan Sharma', 'vihaan.sharma29@gmail.com', 'vihaan@123', 'student', '2026-01-18 06:56:24'),
(31, 'Sanya Singh', 'sanya30@college.edu.in', 'sanya@123', 'faculty', '2026-01-18 06:56:24'),
(32, 'Aditya Patel', 'aditya.patel31@gmail.com', 'aditya@123', 'student', '2026-01-18 06:56:24'),
(33, 'Zoya Verma', 'zoya.verma32@gmail.com', 'zoya@123', 'student', '2026-01-18 06:56:24'),
(34, 'Meera Verma', 'meera.verma33@gmail.com', 'meera@123', 'student', '2026-01-18 06:56:24'),
(35, 'Aavya Reddy', 'aavya.reddy34@gmail.com', 'aavya@123', 'student', '2026-01-18 06:56:24'),
(36, 'Ishaan Patel', 'ishaan.patel35@gmail.com', 'ishaan@123', 'student', '2026-01-18 06:56:24'),
(37, 'Zoya Singh', 'zoya.singh36@gmail.com', 'zoya@123', 'student', '2026-01-18 06:56:24'),
(38, 'Priya Mehta', 'priya.mehta37@gmail.com', 'priya@123', 'student', '2026-01-18 06:56:24'),
(39, 'Vihaan Sharma', 'vihaan.sharma38@gmail.com', 'vihaan@123', 'student', '2026-01-18 06:56:24'),
(40, 'Priya Chauhan', 'priya.chauhan39@gmail.com', 'priya@123', 'student', '2026-01-18 06:56:24'),
(41, 'Arjun Iyer', 'arjun.iyer40@gmail.com', 'arjun@123', 'student', '2026-01-18 06:56:24'),
(42, 'Ishaan Patel', 'ishaan.patel41@gmail.com', 'ishaan@123', 'student', '2026-01-18 06:56:24'),
(43, 'Karan Reddy', 'karan.reddy42@gmail.com', 'karan@123', 'student', '2026-01-18 06:56:24'),
(44, 'Varun Chauhan', 'varun.chauhan43@gmail.com', 'varun@123', 'student', '2026-01-18 06:56:24'),
(45, 'Priya Mehta', 'priya.mehta44@gmail.com', 'priya@123', 'student', '2026-01-18 06:56:24'),
(46, 'Rahul Verma', 'rahul45@college.edu.in', 'rahul@123', 'faculty', '2026-01-18 06:56:24'),
(47, 'Sanya Malhotra', 'sanya.malhotra46@gmail.com', 'sanya@123', 'student', '2026-01-18 06:56:24'),
(48, 'Ananya Iyer', 'ananya.iyer47@gmail.com', 'ananya@123', 'student', '2026-01-18 06:56:24'),
(49, 'Priya Verma', 'priya.verma48@gmail.com', 'priya@123', 'student', '2026-01-18 06:56:24'),
(50, 'Ananya Patel', 'ananya.patel49@gmail.com', 'ananya@123', 'student', '2026-01-18 06:56:24'),
(51, 'Aditya Singh', 'aditya.singh50@gmail.com', 'aditya@123', 'student', '2026-01-18 06:56:24'),
(52, 'Karan Sharma', 'karan.sharma51@gmail.com', 'karan@123', 'student', '2026-01-18 06:56:24'),
(53, 'Rahul Verma', 'rahul.verma52@gmail.com', 'rahul@123', 'student', '2026-01-18 06:56:24'),
(54, 'Aditya Mehta', 'aditya.mehta53@gmail.com', 'aditya@123', 'student', '2026-01-18 06:56:24'),
(55, 'Zoya Verma', 'zoya.verma54@gmail.com', 'zoya@123', 'student', '2026-01-18 06:56:24'),
(56, 'Aditya Iyer', 'aditya.iyer55@gmail.com', 'aditya@123', 'student', '2026-01-18 06:56:24'),
(57, 'Ananya Reddy', 'ananya.reddy56@gmail.com', 'ananya@123', 'student', '2026-01-18 06:56:24'),
(58, 'Karan Reddy', 'karan.reddy57@gmail.com', 'karan@123', 'student', '2026-01-18 06:56:24'),
(59, 'Arjun Patel', 'arjun.patel58@gmail.com', 'arjun@123', 'student', '2026-01-18 06:56:24'),
(60, 'Sanya Gupta', 'sanya.gupta59@gmail.com', 'sanya@123', 'student', '2026-01-18 06:56:24'),
(61, 'Priya Singh', 'priya60@college.edu.in', 'priya@123', 'faculty', '2026-01-18 06:56:24'),
(62, 'Rohan Patel', 'rohan.patel61@gmail.com', 'rohan@123', 'student', '2026-01-18 06:56:24'),
(63, 'Sneha Gupta', 'sneha.gupta62@gmail.com', 'sneha@123', 'student', '2026-01-18 06:56:24'),
(64, 'Sanya Singh', 'sanya.singh63@gmail.com', 'sanya@123', 'student', '2026-01-18 06:56:24'),
(65, 'Rahul Iyer', 'rahul.iyer64@gmail.com', 'rahul@123', 'student', '2026-01-18 06:56:24'),
(66, 'Meera Gupta', 'meera.gupta65@gmail.com', 'meera@123', 'student', '2026-01-18 06:56:24'),
(67, 'Sneha Sharma', 'sneha.sharma66@gmail.com', 'sneha@123', 'student', '2026-01-18 06:56:24'),
(68, 'Zoya Chauhan', 'zoya.chauhan67@gmail.com', 'zoya@123', 'student', '2026-01-18 06:56:24'),
(69, 'Meera Singh', 'meera.singh68@gmail.com', 'meera@123', 'student', '2026-01-18 06:56:24'),
(70, 'Aditya Malhotra', 'aditya.malhotra69@gmail.com', 'aditya@123', 'student', '2026-01-18 06:56:24'),
(71, 'Aditya Mehta', 'aditya.mehta70@gmail.com', 'aditya@123', 'student', '2026-01-18 06:56:24'),
(72, 'Rahul Iyer', 'rahul.iyer71@gmail.com', 'rahul@123', 'student', '2026-01-18 06:56:24'),
(73, 'Priya Chauhan', 'priya.chauhan72@gmail.com', 'priya@123', 'student', '2026-01-18 06:56:24'),
(74, 'Ananya Reddy', 'ananya.reddy73@gmail.com', 'ananya@123', 'student', '2026-01-18 06:56:24'),
(75, 'Meera Patel', 'meera.patel74@gmail.com', 'meera@123', 'student', '2026-01-18 06:56:24'),
(76, 'Aditya Singh', 'aditya75@college.edu.in', 'aditya@123', 'faculty', '2026-01-18 06:56:24'),
(77, 'Ishaan Malhotra', 'ishaan.malhotra76@gmail.com', 'ishaan@123', 'student', '2026-01-18 06:56:24'),
(78, 'Sanya Gupta', 'sanya.gupta77@gmail.com', 'sanya@123', 'student', '2026-01-18 06:56:24'),
(79, 'Rohan Sharma', 'rohan.sharma78@gmail.com', 'rohan@123', 'student', '2026-01-18 06:56:24'),
(80, 'Arjun Gupta', 'arjun.gupta79@gmail.com', 'arjun@123', 'student', '2026-01-18 06:56:24'),
(81, 'Aavya Verma', 'aavya.verma80@gmail.com', 'aavya@123', 'student', '2026-01-18 06:56:24'),
(82, 'Rohan Malhotra', 'rohan.malhotra81@gmail.com', 'rohan@123', 'student', '2026-01-18 06:56:24'),
(83, 'Karan Singh', 'karan.singh82@gmail.com', 'karan@123', 'student', '2026-01-18 06:56:24'),
(84, 'Varun Patel', 'varun.patel83@gmail.com', 'varun@123', 'student', '2026-01-18 06:56:24'),
(85, 'Karan Patel', 'karan.patel84@gmail.com', 'karan@123', 'student', '2026-01-18 06:56:24'),
(86, 'Ishaan Patel', 'ishaan.patel85@gmail.com', 'ishaan@123', 'student', '2026-01-18 06:56:24'),
(87, 'Sneha Malhotra', 'sneha.malhotra86@gmail.com', 'sneha@123', 'student', '2026-01-18 06:56:24'),
(88, 'Meera Iyer', 'meera.iyer87@gmail.com', 'meera@123', 'student', '2026-01-18 06:56:24'),
(89, 'Aditya Chauhan', 'aditya.chauhan88@gmail.com', 'aditya@123', 'student', '2026-01-18 06:56:24'),
(90, 'Karan Gupta', 'karan.gupta89@gmail.com', 'karan@123', 'student', '2026-01-18 06:56:24'),
(91, 'Sanya Patel', 'sanya90@college.edu.in', 'sanya@123', 'faculty', '2026-01-18 06:56:24'),
(92, 'Aditya Verma', 'aditya.verma91@gmail.com', 'aditya@123', 'student', '2026-01-18 06:56:24'),
(93, 'Sneha Sharma', 'sneha.sharma92@gmail.com', 'sneha@123', 'student', '2026-01-18 06:56:24'),
(94, 'Zoya Iyer', 'zoya.iyer93@gmail.com', 'zoya@123', 'student', '2026-01-18 06:56:24'),
(95, 'Varun Verma', 'varun.verma94@gmail.com', 'varun@123', 'student', '2026-01-18 06:56:24'),
(96, 'Ananya Patel', 'ananya.patel95@gmail.com', 'ananya@123', 'student', '2026-01-18 06:56:24'),
(97, 'Vihaan Chauhan', 'vihaan.chauhan96@gmail.com', 'vihaan@123', 'student', '2026-01-18 06:56:24'),
(98, 'Karan Verma', 'karan.verma97@gmail.com', 'karan@123', 'student', '2026-01-18 06:56:24'),
(99, 'Ananya Patel', 'ananya.patel98@gmail.com', 'ananya@123', 'student', '2026-01-18 06:56:24'),
(100, 'Arjun Reddy', 'arjun.reddy99@gmail.com', 'arjun@123', 'student', '2026-01-18 06:56:24'),
(101, 'Meera Reddy', 'meera.reddy100@gmail.com', 'meera@123', 'student', '2026-01-18 06:56:24'),
(102, 'Meera Iyer', 'meera.iyer101@gmail.com', 'meera@123', 'student', '2026-01-18 06:56:24'),
(103, 'Aditya Chauhan', 'aditya.chauhan102@gmail.com', 'aditya@123', 'student', '2026-01-18 06:56:24'),
(104, 'Ananya Mehta', 'ananya.mehta103@gmail.com', 'ananya@123', 'student', '2026-01-18 06:56:24'),
(105, 'Sanya Verma', 'sanya.verma104@gmail.com', 'sanya@123', 'student', '2026-01-18 06:56:24'),
(106, 'Arjun Chauhan', 'arjun105@college.edu.in', 'arjun@123', 'faculty', '2026-01-18 06:56:24'),
(107, 'Meera Iyer', 'meera.iyer106@gmail.com', 'meera@123', 'student', '2026-01-18 06:56:24'),
(108, 'Sneha Malhotra', 'sneha.malhotra107@gmail.com', 'sneha@123', 'student', '2026-01-18 06:56:24'),
(109, 'Aavya Iyer', 'aavya.iyer108@gmail.com', 'aavya@123', 'student', '2026-01-18 06:56:24'),
(110, 'Ananya Verma', 'ananya.verma109@gmail.com', 'ananya@123', 'student', '2026-01-18 06:56:24'),
(111, 'Vihaan Singh', 'vihaan.singh110@gmail.com', 'vihaan@123', 'student', '2026-01-18 06:56:24'),
(112, 'Varun Patel', 'varun.patel111@gmail.com', 'varun@123', 'student', '2026-01-18 06:56:24'),
(113, 'Varun Gupta', 'varun.gupta112@gmail.com', 'varun@123', 'student', '2026-01-18 06:56:24'),
(114, 'Sneha Malhotra', 'sneha.malhotra113@gmail.com', 'sneha@123', 'student', '2026-01-18 06:56:24'),
(115, 'Aavya Chauhan', 'aavya.chauhan114@gmail.com', 'aavya@123', 'student', '2026-01-18 06:56:24'),
(116, 'Ananya Singh', 'ananya.singh115@gmail.com', 'ananya@123', 'student', '2026-01-18 06:56:24'),
(117, 'Varun Verma', 'varun.verma116@gmail.com', 'varun@123', 'student', '2026-01-18 06:56:25'),
(118, 'Rohan Singh', 'rohan.singh117@gmail.com', 'rohan@123', 'student', '2026-01-18 06:56:25'),
(119, 'Aavya Malhotra', 'aavya.malhotra118@gmail.com', 'aavya@123', 'student', '2026-01-18 06:56:25'),
(120, 'Karan Gupta', 'karan.gupta119@gmail.com', 'karan@123', 'student', '2026-01-18 06:56:25'),
(121, 'Ananya Sharma', 'ananya120@college.edu.in', 'ananya@123', 'faculty', '2026-01-18 06:56:25'),
(122, 'Aditya Gupta', 'aditya.gupta121@gmail.com', 'aditya@123', 'student', '2026-01-18 06:56:25'),
(123, 'Zoya Iyer', 'zoya.iyer122@gmail.com', 'zoya@123', 'student', '2026-01-18 06:56:25'),
(124, 'Ananya Chauhan', 'ananya.chauhan123@gmail.com', 'ananya@123', 'student', '2026-01-18 06:56:25'),
(125, 'Rohan Patel', 'rohan.patel124@gmail.com', 'rohan@123', 'student', '2026-01-18 06:56:25'),
(126, 'Aavya Malhotra', 'aavya.malhotra125@gmail.com', 'aavya@123', 'student', '2026-01-18 06:56:25'),
(127, 'Karan Singh', 'karan.singh126@gmail.com', 'karan@123', 'student', '2026-01-18 06:56:25'),
(128, 'Aditya Verma', 'aditya.verma127@gmail.com', 'aditya@123', 'student', '2026-01-18 06:56:25'),
(129, 'Ananya Patel', 'ananya.patel128@gmail.com', 'ananya@123', 'student', '2026-01-18 06:56:25'),
(130, 'Karan Sharma', 'karan.sharma129@gmail.com', 'karan@123', 'student', '2026-01-18 06:56:25'),
(131, 'Varun Gupta', 'varun.gupta130@gmail.com', 'varun@123', 'student', '2026-01-18 06:56:25'),
(132, 'Ishaan Malhotra', 'ishaan.malhotra131@gmail.com', 'ishaan@123', 'student', '2026-01-18 06:56:25'),
(133, 'Meera Singh', 'meera.singh132@gmail.com', 'meera@123', 'student', '2026-01-18 06:56:25'),
(134, 'Sneha Chauhan', 'sneha.chauhan133@gmail.com', 'sneha@123', 'student', '2026-01-18 06:56:25'),
(135, 'Priya Iyer', 'priya.iyer134@gmail.com', 'priya@123', 'student', '2026-01-18 06:56:25'),
(136, 'Vihaan Patel', 'vihaan135@college.edu.in', 'vihaan@123', 'faculty', '2026-01-18 06:56:25'),
(137, 'Karan Singh', 'karan.singh136@gmail.com', 'karan@123', 'student', '2026-01-18 06:56:25'),
(138, 'Sneha Mehta', 'sneha.mehta137@gmail.com', 'sneha@123', 'student', '2026-01-18 06:56:25'),
(139, 'Vihaan Chauhan', 'vihaan.chauhan138@gmail.com', 'vihaan@123', 'student', '2026-01-18 06:56:25'),
(140, 'Aavya Sharma', 'aavya.sharma139@gmail.com', 'aavya@123', 'student', '2026-01-18 06:56:25'),
(141, 'Meera Reddy', 'meera.reddy140@gmail.com', 'meera@123', 'student', '2026-01-18 06:56:25'),
(142, 'Ishaan Singh', 'ishaan.singh141@gmail.com', 'ishaan@123', 'student', '2026-01-18 06:56:25'),
(143, 'Aavya Gupta', 'aavya.gupta142@gmail.com', 'aavya@123', 'student', '2026-01-18 06:56:25'),
(144, 'Meera Mehta', 'meera.mehta143@gmail.com', 'meera@123', 'student', '2026-01-18 06:56:25'),
(145, 'Sneha Singh', 'sneha.singh144@gmail.com', 'sneha@123', 'student', '2026-01-18 06:56:25'),
(146, 'Rahul Iyer', 'rahul.iyer145@gmail.com', 'rahul@123', 'student', '2026-01-18 06:56:25'),
(147, 'Aditya Verma', 'aditya.verma146@gmail.com', 'aditya@123', 'student', '2026-01-18 06:56:25'),
(148, 'Rohan Patel', 'rohan.patel147@gmail.com', 'rohan@123', 'student', '2026-01-18 06:56:25'),
(149, 'Zoya Sharma', 'zoya.sharma148@gmail.com', 'zoya@123', 'student', '2026-01-18 06:56:25'),
(150, 'Aavya Gupta', 'aavya.gupta149@gmail.com', 'aavya@123', 'student', '2026-01-18 06:56:25'),
(151, 'Ananya Chauhan', 'ananya150@college.edu.in', 'ananya@123', 'faculty', '2026-01-18 06:56:25'),
(152, 'Sneha Reddy', 'sneha.reddy151@gmail.com', 'sneha@123', 'student', '2026-01-18 06:56:25'),
(153, 'Priya Mehta', 'priya.mehta152@gmail.com', 'priya@123', 'student', '2026-01-18 06:56:25'),
(154, 'Ishaan Mehta', 'ishaan.mehta153@gmail.com', 'ishaan@123', 'student', '2026-01-18 06:56:25'),
(155, 'Aditya Sharma', 'aditya.sharma154@gmail.com', 'aditya@123', 'student', '2026-01-18 06:56:25'),
(156, 'Sneha Iyer', 'sneha.iyer155@gmail.com', 'sneha@123', 'student', '2026-01-18 06:56:25'),
(157, 'Sanya Chauhan', 'sanya.chauhan156@gmail.com', 'sanya@123', 'student', '2026-01-18 06:56:25'),
(158, 'Sneha Chauhan', 'sneha.chauhan157@gmail.com', 'sneha@123', 'student', '2026-01-18 06:56:25'),
(159, 'Sneha Verma', 'sneha.verma158@gmail.com', 'sneha@123', 'student', '2026-01-18 06:56:25'),
(160, 'Aavya Reddy', 'aavya.reddy159@gmail.com', 'aavya@123', 'student', '2026-01-18 06:56:25'),
(161, 'Sneha Chauhan', 'sneha.chauhan160@gmail.com', 'sneha@123', 'student', '2026-01-18 06:56:25'),
(162, 'Vihaan Reddy', 'vihaan.reddy161@gmail.com', 'vihaan@123', 'student', '2026-01-18 06:56:25'),
(163, 'Rohan Malhotra', 'rohan.malhotra162@gmail.com', 'rohan@123', 'student', '2026-01-18 06:56:25'),
(164, 'Ishaan Malhotra', 'ishaan.malhotra163@gmail.com', 'ishaan@123', 'student', '2026-01-18 06:56:25'),
(165, 'Karan Singh', 'karan.singh164@gmail.com', 'karan@123', 'student', '2026-01-18 06:56:25'),
(166, 'Sneha Chauhan', 'sneha165@college.edu.in', 'sneha@123', 'faculty', '2026-01-18 06:56:25'),
(167, 'Sanya Iyer', 'sanya.iyer166@gmail.com', 'sanya@123', 'student', '2026-01-18 06:56:25'),
(168, 'Vihaan Sharma', 'vihaan.sharma167@gmail.com', 'vihaan@123', 'student', '2026-01-18 06:56:25'),
(169, 'Rohan Gupta', 'rohan.gupta168@gmail.com', 'rohan@123', 'student', '2026-01-18 06:56:25'),
(170, 'Meera Gupta', 'meera.gupta169@gmail.com', 'meera@123', 'student', '2026-01-18 06:56:25'),
(171, 'Varun Iyer', 'varun.iyer170@gmail.com', 'varun@123', 'student', '2026-01-18 06:56:25'),
(172, 'Arjun Gupta', 'arjun.gupta171@gmail.com', 'arjun@123', 'student', '2026-01-18 06:56:25'),
(173, 'Aavya Mehta', 'aavya.mehta172@gmail.com', 'aavya@123', 'student', '2026-01-18 06:56:25'),
(174, 'Sanya Gupta', 'sanya.gupta173@gmail.com', 'sanya@123', 'student', '2026-01-18 06:56:25'),
(175, 'Vihaan Gupta', 'vihaan.gupta174@gmail.com', 'vihaan@123', 'student', '2026-01-18 06:56:25'),
(176, 'Karan Singh', 'karan.singh175@gmail.com', 'karan@123', 'student', '2026-01-18 06:56:25'),
(177, 'Varun Mehta', 'varun.mehta176@gmail.com', 'varun@123', 'student', '2026-01-18 06:56:25'),
(178, 'Zoya Chauhan', 'zoya.chauhan177@gmail.com', 'zoya@123', 'student', '2026-01-18 06:56:25'),
(179, 'Vihaan Sharma', 'vihaan.sharma178@gmail.com', 'vihaan@123', 'student', '2026-01-18 06:56:25'),
(180, 'Zoya Singh', 'zoya.singh179@gmail.com', 'zoya@123', 'student', '2026-01-18 06:56:25'),
(181, 'Karan Chauhan', 'karan180@college.edu.in', 'karan@123', 'faculty', '2026-01-18 06:56:25'),
(182, 'Aavya Malhotra', 'aavya.malhotra181@gmail.com', 'aavya@123', 'student', '2026-01-18 06:56:25'),
(183, 'Priya Chauhan', 'priya.chauhan182@gmail.com', 'priya@123', 'student', '2026-01-18 06:56:25'),
(184, 'Varun Sharma', 'varun.sharma183@gmail.com', 'varun@123', 'student', '2026-01-18 06:56:25'),
(185, 'Zoya Patel', 'zoya.patel184@gmail.com', 'zoya@123', 'student', '2026-01-18 06:56:25'),
(186, 'Sanya Mehta', 'sanya.mehta185@gmail.com', 'sanya@123', 'student', '2026-01-18 06:56:25'),
(187, 'Ishaan Mehta', 'ishaan.mehta186@gmail.com', 'ishaan@123', 'student', '2026-01-18 06:56:25'),
(188, 'Priya Verma', 'priya.verma187@gmail.com', 'priya@123', 'student', '2026-01-18 06:56:25'),
(189, 'Ishaan Chauhan', 'ishaan.chauhan188@gmail.com', 'ishaan@123', 'student', '2026-01-18 06:56:25'),
(190, 'Karan Chauhan', 'karan.chauhan189@gmail.com', 'karan@123', 'student', '2026-01-18 06:56:25'),
(191, 'Arjun Gupta', 'arjun.gupta190@gmail.com', 'arjun@123', 'student', '2026-01-18 06:56:25'),
(192, 'Ishaan Patel', 'ishaan.patel191@gmail.com', 'ishaan@123', 'student', '2026-01-18 06:56:25'),
(193, 'Aditya Gupta', 'aditya.gupta192@gmail.com', 'aditya@123', 'student', '2026-01-18 06:56:25'),
(194, 'Ishaan Patel', 'ishaan.patel193@gmail.com', 'ishaan@123', 'student', '2026-01-18 06:56:25'),
(195, 'Rohan Reddy', 'rohan.reddy194@gmail.com', 'rohan@123', 'student', '2026-01-18 06:56:25'),
(196, 'Aditya Iyer', 'aditya195@college.edu.in', 'aditya@123', 'faculty', '2026-01-18 06:56:25'),
(197, 'Karan Singh', 'karan.singh196@gmail.com', 'karan@123', 'student', '2026-01-18 06:56:25'),
(198, 'Sneha Chauhan', 'sneha.chauhan197@gmail.com', 'sneha@123', 'student', '2026-01-18 06:56:25'),
(199, 'Arjun Patel', 'arjun.patel198@gmail.com', 'arjun@123', 'student', '2026-01-18 06:56:25'),
(200, 'Priya Reddy', 'priya.reddy199@gmail.com', 'priya@123', 'student', '2026-01-18 06:56:25'),
(201, 'Priya Verma', 'priya.verma200@gmail.com', 'priya@123', 'student', '2026-01-18 06:56:25'),
(202, 'Priya Gupta', 'priya.gupta201@gmail.com', 'priya@123', 'student', '2026-01-18 06:56:25'),
(203, 'Varun Reddy', 'varun.reddy202@gmail.com', 'varun@123', 'student', '2026-01-18 06:56:25'),
(204, 'Karan Chauhan', 'karan.chauhan203@gmail.com', 'karan@123', 'student', '2026-01-18 06:56:25'),
(205, 'Meera Iyer', 'meera.iyer204@gmail.com', 'meera@123', 'student', '2026-01-18 06:56:25'),
(206, 'Zoya Sharma', 'zoya.sharma205@gmail.com', 'zoya@123', 'student', '2026-01-18 06:56:25'),
(207, 'Ananya Mehta', 'ananya.mehta206@gmail.com', 'ananya@123', 'student', '2026-01-18 06:56:25'),
(208, 'Aditya Sharma', 'aditya.sharma207@gmail.com', 'aditya@123', 'student', '2026-01-18 06:56:25'),
(209, 'Priya Verma', 'priya.verma208@gmail.com', 'priya@123', 'student', '2026-01-18 06:56:25'),
(210, 'Ishaan Malhotra', 'ishaan.malhotra209@gmail.com', 'ishaan@123', 'student', '2026-01-18 06:56:25'),
(211, 'Rahul Verma', 'rahul210@college.edu.in', 'rahul@123', 'faculty', '2026-01-18 06:56:25'),
(212, 'Meera Reddy', 'meera.reddy211@gmail.com', 'meera@123', 'student', '2026-01-18 06:56:25'),
(213, 'Arjun Gupta', 'arjun.gupta212@gmail.com', 'arjun@123', 'student', '2026-01-18 06:56:25'),
(214, 'Rahul Reddy', 'rahul.reddy213@gmail.com', 'rahul@123', 'student', '2026-01-18 06:56:25'),
(215, 'Rohan Gupta', 'rohan.gupta214@gmail.com', 'rohan@123', 'student', '2026-01-18 06:56:25'),
(216, 'Sanya Gupta', 'sanya.gupta215@gmail.com', 'sanya@123', 'student', '2026-01-18 06:56:25'),
(217, 'Aditya Reddy', 'aditya.reddy216@gmail.com', 'aditya@123', 'student', '2026-01-18 06:56:25'),
(218, 'Meera Chauhan', 'meera.chauhan217@gmail.com', 'meera@123', 'student', '2026-01-18 06:56:25'),
(219, 'Rohan Patel', 'rohan.patel218@gmail.com', 'rohan@123', 'student', '2026-01-18 06:56:25'),
(220, 'Varun Malhotra', 'varun.malhotra219@gmail.com', 'varun@123', 'student', '2026-01-18 06:56:25'),
(221, 'Arjun Gupta', 'arjun.gupta220@gmail.com', 'arjun@123', 'student', '2026-01-18 06:56:25'),
(222, 'Rahul Mehta', 'rahul.mehta221@gmail.com', 'rahul@123', 'student', '2026-01-18 06:56:25'),
(223, 'Arjun Malhotra', 'arjun.malhotra222@gmail.com', 'arjun@123', 'student', '2026-01-18 06:56:25'),
(224, 'Varun Gupta', 'varun.gupta223@gmail.com', 'varun@123', 'student', '2026-01-18 06:56:25'),
(225, 'Sanya Patel', 'sanya.patel224@gmail.com', 'sanya@123', 'student', '2026-01-18 06:56:25'),
(226, 'Ananya Chauhan', 'ananya225@college.edu.in', 'ananya@123', 'faculty', '2026-01-18 06:56:25'),
(227, 'Varun Verma', 'varun.verma226@gmail.com', 'varun@123', 'student', '2026-01-18 06:56:25'),
(228, 'Arjun Gupta', 'arjun.gupta227@gmail.com', 'arjun@123', 'student', '2026-01-18 06:56:25'),
(229, 'Rohan Malhotra', 'rohan.malhotra228@gmail.com', 'rohan@123', 'student', '2026-01-18 06:56:25'),
(230, 'Meera Chauhan', 'meera.chauhan229@gmail.com', 'meera@123', 'student', '2026-01-18 06:56:25'),
(231, 'Arjun Gupta', 'arjun.gupta230@gmail.com', 'arjun@123', 'student', '2026-01-18 06:56:25'),
(232, 'Meera Verma', 'meera.verma231@gmail.com', 'meera@123', 'student', '2026-01-18 06:56:25'),
(233, 'Sneha Chauhan', 'sneha.chauhan232@gmail.com', 'sneha@123', 'student', '2026-01-18 06:56:25'),
(234, 'Rohan Iyer', 'rohan.iyer233@gmail.com', 'rohan@123', 'student', '2026-01-18 06:56:25'),
(235, 'Priya Mehta', 'priya.mehta234@gmail.com', 'priya@123', 'student', '2026-01-18 06:56:25'),
(236, 'Rahul Singh', 'rahul.singh235@gmail.com', 'rahul@123', 'student', '2026-01-18 06:56:25'),
(237, 'Aavya Patel', 'aavya.patel236@gmail.com', 'aavya@123', 'student', '2026-01-18 06:56:25'),
(238, 'Varun Reddy', 'varun.reddy237@gmail.com', 'varun@123', 'student', '2026-01-18 06:56:25'),
(239, 'Sanya Reddy', 'sanya.reddy238@gmail.com', 'sanya@123', 'student', '2026-01-18 06:56:25'),
(240, 'Aditya Mehta', 'aditya.mehta239@gmail.com', 'aditya@123', 'student', '2026-01-18 06:56:25'),
(241, 'Aavya Sharma', 'aavya240@college.edu.in', 'aavya@123', 'faculty', '2026-01-18 06:56:25'),
(242, 'Sneha Iyer', 'sneha.iyer241@gmail.com', 'sneha@123', 'student', '2026-01-18 06:56:25'),
(243, 'Ishaan Chauhan', 'ishaan.chauhan242@gmail.com', 'ishaan@123', 'student', '2026-01-18 06:56:25'),
(244, 'Rohan Gupta', 'rohan.gupta243@gmail.com', 'rohan@123', 'student', '2026-01-18 06:56:25'),
(245, 'Ananya Iyer', 'ananya.iyer244@gmail.com', 'ananya@123', 'student', '2026-01-18 06:56:25'),
(246, 'Vihaan Iyer', 'vihaan.iyer245@gmail.com', 'vihaan@123', 'student', '2026-01-18 06:56:25'),
(247, 'Ishaan Iyer', 'ishaan.iyer246@gmail.com', 'ishaan@123', 'student', '2026-01-18 06:56:25'),
(248, 'Zoya Iyer', 'zoya.iyer247@gmail.com', 'zoya@123', 'student', '2026-01-18 06:56:25'),
(249, 'Priya Patel', 'priya.patel248@gmail.com', 'priya@123', 'student', '2026-01-18 06:56:25'),
(250, 'Vihaan Gupta', 'vihaan.gupta249@gmail.com', 'vihaan@123', 'student', '2026-01-18 06:56:25'),
(251, 'Varun Malhotra', 'varun.malhotra250@gmail.com', 'varun@123', 'student', '2026-01-18 06:56:25'),
(252, 'Ananya Singh', 'ananya.singh251@gmail.com', 'ananya@123', 'student', '2026-01-18 06:56:25'),
(253, 'Meera Iyer', 'meera.iyer252@gmail.com', 'meera@123', 'student', '2026-01-18 06:56:25'),
(254, 'Varun Verma', 'varun.verma253@gmail.com', 'varun@123', 'student', '2026-01-18 06:56:25'),
(255, 'Sanya Reddy', 'sanya.reddy254@gmail.com', 'sanya@123', 'student', '2026-01-18 06:56:25'),
(256, 'Karan Mehta', 'karan255@college.edu.in', 'karan@123', 'faculty', '2026-01-18 06:56:25'),
(257, 'Karan Iyer', 'karan.iyer256@gmail.com', 'karan@123', 'student', '2026-01-18 06:56:25'),
(258, 'Ananya Singh', 'ananya.singh257@gmail.com', 'ananya@123', 'student', '2026-01-18 06:56:25'),
(259, 'Karan Singh', 'karan.singh258@gmail.com', 'karan@123', 'student', '2026-01-18 06:56:25'),
(260, 'Ishaan Malhotra', 'ishaan.malhotra259@gmail.com', 'ishaan@123', 'student', '2026-01-18 06:56:25'),
(261, 'Rohan Singh', 'rohan.singh260@gmail.com', 'rohan@123', 'student', '2026-01-18 06:56:25'),
(262, 'Aavya Verma', 'aavya.verma261@gmail.com', 'aavya@123', 'student', '2026-01-18 06:56:25'),
(263, 'Rohan Chauhan', 'rohan.chauhan262@gmail.com', 'rohan@123', 'student', '2026-01-18 06:56:25'),
(264, 'Priya Malhotra', 'priya.malhotra263@gmail.com', 'priya@123', 'student', '2026-01-18 06:56:25'),
(265, 'Aavya Chauhan', 'aavya.chauhan264@gmail.com', 'aavya@123', 'student', '2026-01-18 06:56:25'),
(266, 'Arjun Iyer', 'arjun.iyer265@gmail.com', 'arjun@123', 'student', '2026-01-18 06:56:25'),
(267, 'Rohan Sharma', 'rohan.sharma266@gmail.com', 'rohan@123', 'student', '2026-01-18 06:56:25'),
(268, 'Aavya Singh', 'aavya.singh267@gmail.com', 'aavya@123', 'student', '2026-01-18 06:56:25'),
(269, 'Priya Reddy', 'priya.reddy268@gmail.com', 'priya@123', 'student', '2026-01-18 06:56:25'),
(270, 'Priya Gupta', 'priya.gupta269@gmail.com', 'priya@123', 'student', '2026-01-18 06:56:25'),
(271, 'Priya Sharma', 'priya270@college.edu.in', 'priya@123', 'faculty', '2026-01-18 06:56:25'),
(272, 'Meera Mehta', 'meera.mehta271@gmail.com', 'meera@123', 'student', '2026-01-18 06:56:25'),
(273, 'Arjun Patel', 'arjun.patel272@gmail.com', 'arjun@123', 'student', '2026-01-18 06:56:25'),
(274, 'Priya Gupta', 'priya.gupta273@gmail.com', 'priya@123', 'student', '2026-01-18 06:56:25'),
(275, 'Rahul Singh', 'rahul.singh274@gmail.com', 'rahul@123', 'student', '2026-01-18 06:56:25'),
(276, 'Priya Patel', 'priya.patel275@gmail.com', 'priya@123', 'student', '2026-01-18 06:56:25'),
(277, 'Arjun Chauhan', 'arjun.chauhan276@gmail.com', 'arjun@123', 'student', '2026-01-18 06:56:25'),
(278, 'Vihaan Iyer', 'vihaan.iyer277@gmail.com', 'vihaan@123', 'student', '2026-01-18 06:56:25'),
(279, 'Ananya Iyer', 'ananya.iyer278@gmail.com', 'ananya@123', 'student', '2026-01-18 06:56:25'),
(280, 'Meera Chauhan', 'meera.chauhan279@gmail.com', 'meera@123', 'student', '2026-01-18 06:56:25'),
(281, 'Arjun Sharma', 'arjun.sharma280@gmail.com', 'arjun@123', 'student', '2026-01-18 06:56:25'),
(282, 'Sanya Chauhan', 'sanya.chauhan281@gmail.com', 'sanya@123', 'student', '2026-01-18 06:56:25'),
(283, 'Aavya Mehta', 'aavya.mehta282@gmail.com', 'aavya@123', 'student', '2026-01-18 06:56:25'),
(284, 'Karan Sharma', 'karan.sharma283@gmail.com', 'karan@123', 'student', '2026-01-18 06:56:25'),
(285, 'Ananya Chauhan', 'ananya.chauhan284@gmail.com', 'ananya@123', 'student', '2026-01-18 06:56:25'),
(286, 'Meera Mehta', 'meera285@college.edu.in', 'meera@123', 'faculty', '2026-01-18 06:56:25'),
(287, 'Ishaan Iyer', 'ishaan.iyer286@gmail.com', 'ishaan@123', 'student', '2026-01-18 06:56:25'),
(288, 'Varun Reddy', 'varun.reddy287@gmail.com', 'varun@123', 'student', '2026-01-18 06:56:25'),
(289, 'Rahul Gupta', 'rahul.gupta288@gmail.com', 'rahul@123', 'student', '2026-01-18 06:56:25'),
(290, 'Karan Iyer', 'karan.iyer289@gmail.com', 'karan@123', 'student', '2026-01-18 06:56:25'),
(291, 'Rohan Chauhan', 'rohan.chauhan290@gmail.com', 'rohan@123', 'student', '2026-01-18 06:56:25'),
(292, 'Sneha Chauhan', 'sneha.chauhan291@gmail.com', 'sneha@123', 'student', '2026-01-18 06:56:25'),
(293, 'Sanya Gupta', 'sanya.gupta292@gmail.com', 'sanya@123', 'student', '2026-01-18 06:56:25'),
(294, 'Aavya Reddy', 'aavya.reddy293@gmail.com', 'aavya@123', 'student', '2026-01-18 06:56:25'),
(295, 'Sanya Reddy', 'sanya.reddy294@gmail.com', 'sanya@123', 'student', '2026-01-18 06:56:25'),
(296, 'Aavya Reddy', 'aavya.reddy295@gmail.com', 'aavya@123', 'student', '2026-01-18 06:56:25'),
(297, 'Rohan Mehta', 'rohan.mehta296@gmail.com', 'rohan@123', 'student', '2026-01-18 06:56:25'),
(298, 'Arjun Malhotra', 'arjun.malhotra297@gmail.com', 'arjun@123', 'student', '2026-01-18 06:56:25'),
(299, 'Meera Singh', 'meera.singh298@gmail.com', 'meera@123', 'student', '2026-01-18 06:56:26'),
(300, 'Ishaan Singh', 'ishaan.singh299@gmail.com', 'ishaan@123', 'student', '2026-01-18 06:56:26'),
(301, 'Aavya Chauhan', 'aavya300@college.edu.in', 'aavya@123', 'faculty', '2026-01-18 06:56:26'),
(302, 'Ishaan Mehta', 'ishaan.mehta301@gmail.com', 'ishaan@123', 'student', '2026-01-18 06:56:26'),
(303, 'Ananya Gupta', 'ananya.gupta302@gmail.com', 'ananya@123', 'student', '2026-01-18 06:56:26'),
(304, 'Rohan Iyer', 'rohan.iyer303@gmail.com', 'rohan@123', 'student', '2026-01-18 06:56:26'),
(305, 'Arjun Malhotra', 'arjun.malhotra304@gmail.com', 'arjun@123', 'student', '2026-01-18 06:56:26'),
(306, 'Karan Gupta', 'karan.gupta305@gmail.com', 'karan@123', 'student', '2026-01-18 06:56:26'),
(307, 'Karan Reddy', 'karan.reddy306@gmail.com', 'karan@123', 'student', '2026-01-18 06:56:26'),
(308, 'Sneha Chauhan', 'sneha.chauhan307@gmail.com', 'sneha@123', 'student', '2026-01-18 06:56:26'),
(309, 'Zoya Patel', 'zoya.patel308@gmail.com', 'zoya@123', 'student', '2026-01-18 06:56:26'),
(310, 'Ishaan Mehta', 'ishaan.mehta309@gmail.com', 'ishaan@123', 'student', '2026-01-18 06:56:26'),
(311, 'Arjun Sharma', 'arjun.sharma310@gmail.com', 'arjun@123', 'student', '2026-01-18 06:56:26'),
(312, 'Meera Reddy', 'meera.reddy311@gmail.com', 'meera@123', 'student', '2026-01-18 06:56:26'),
(313, 'Meera Mehta', 'meera.mehta312@gmail.com', 'meera@123', 'student', '2026-01-18 06:56:26'),
(314, 'Vihaan Verma', 'vihaan.verma313@gmail.com', 'vihaan@123', 'student', '2026-01-18 06:56:26'),
(315, 'Sneha Iyer', 'sneha.iyer314@gmail.com', 'sneha@123', 'student', '2026-01-18 06:56:26'),
(316, 'Rohan Gupta', 'rohan315@college.edu.in', 'rohan@123', 'faculty', '2026-01-18 06:56:26'),
(317, 'Aavya Singh', 'aavya.singh316@gmail.com', 'aavya@123', 'student', '2026-01-18 06:56:26'),
(318, 'Aavya Mehta', 'aavya.mehta317@gmail.com', 'aavya@123', 'student', '2026-01-18 06:56:26'),
(319, 'Ananya Verma', 'ananya.verma318@gmail.com', 'ananya@123', 'student', '2026-01-18 06:56:26'),
(320, 'Zoya Singh', 'zoya.singh319@gmail.com', 'zoya@123', 'student', '2026-01-18 06:56:26'),
(321, 'Sneha Singh', 'sneha.singh320@gmail.com', 'sneha@123', 'student', '2026-01-18 06:56:26'),
(322, 'Sanya Mehta', 'sanya.mehta321@gmail.com', 'sanya@123', 'student', '2026-01-18 06:56:26'),
(323, 'Ananya Verma', 'ananya.verma322@gmail.com', 'ananya@123', 'student', '2026-01-18 06:56:26'),
(324, 'Aditya Chauhan', 'aditya.chauhan323@gmail.com', 'aditya@123', 'student', '2026-01-18 06:56:26'),
(325, 'Aditya Iyer', 'aditya.iyer324@gmail.com', 'aditya@123', 'student', '2026-01-18 06:56:26'),
(326, 'Sneha Mehta', 'sneha.mehta325@gmail.com', 'sneha@123', 'student', '2026-01-18 06:56:26'),
(327, 'Rahul Chauhan', 'rahul.chauhan326@gmail.com', 'rahul@123', 'student', '2026-01-18 06:56:26'),
(328, 'Sneha Mehta', 'sneha.mehta327@gmail.com', 'sneha@123', 'student', '2026-01-18 06:56:26'),
(329, 'Ishaan Singh', 'ishaan.singh328@gmail.com', 'ishaan@123', 'student', '2026-01-18 06:56:26'),
(330, 'Aditya Verma', 'aditya.verma329@gmail.com', 'aditya@123', 'student', '2026-01-18 06:56:26'),
(331, 'Meera Reddy', 'meera330@college.edu.in', 'meera@123', 'faculty', '2026-01-18 06:56:26'),
(332, 'Varun Reddy', 'varun.reddy331@gmail.com', 'varun@123', 'student', '2026-01-18 06:56:26'),
(333, 'Varun Mehta', 'varun.mehta332@gmail.com', 'varun@123', 'student', '2026-01-18 06:56:26'),
(334, 'Meera Malhotra', 'meera.malhotra333@gmail.com', 'meera@123', 'student', '2026-01-18 06:56:26'),
(335, 'Rohan Verma', 'rohan.verma334@gmail.com', 'rohan@123', 'student', '2026-01-18 06:56:26'),
(336, 'Zoya Chauhan', 'zoya.chauhan335@gmail.com', 'zoya@123', 'student', '2026-01-18 06:56:26'),
(337, 'Rohan Gupta', 'rohan.gupta336@gmail.com', 'rohan@123', 'student', '2026-01-18 06:56:26'),
(338, 'Vihaan Patel', 'vihaan.patel337@gmail.com', 'vihaan@123', 'student', '2026-01-18 06:56:26'),
(339, 'Ishaan Patel', 'ishaan.patel338@gmail.com', 'ishaan@123', 'student', '2026-01-18 06:56:26'),
(340, 'Ishaan Singh', 'ishaan.singh339@gmail.com', 'ishaan@123', 'student', '2026-01-18 06:56:26'),
(341, 'Zoya Singh', 'zoya.singh340@gmail.com', 'zoya@123', 'student', '2026-01-18 06:56:26'),
(342, 'Sneha Gupta', 'sneha.gupta341@gmail.com', 'sneha@123', 'student', '2026-01-18 06:56:26'),
(343, 'Rohan Malhotra', 'rohan.malhotra342@gmail.com', 'rohan@123', 'student', '2026-01-18 06:56:26'),
(344, 'Zoya Mehta', 'zoya.mehta343@gmail.com', 'zoya@123', 'student', '2026-01-18 06:56:26'),
(345, 'Meera Reddy', 'meera.reddy344@gmail.com', 'meera@123', 'student', '2026-01-18 06:56:26'),
(346, 'Zoya Singh', 'zoya345@college.edu.in', 'zoya@123', 'faculty', '2026-01-18 06:56:26'),
(347, 'Ishaan Verma', 'ishaan.verma346@gmail.com', 'ishaan@123', 'student', '2026-01-18 06:56:26'),
(348, 'Ishaan Iyer', 'ishaan.iyer347@gmail.com', 'ishaan@123', 'student', '2026-01-18 06:56:26'),
(349, 'Meera Verma', 'meera.verma348@gmail.com', 'meera@123', 'student', '2026-01-18 06:56:26'),
(350, 'Rohan Sharma', 'rohan.sharma349@gmail.com', 'rohan@123', 'student', '2026-01-18 06:56:26'),
(351, 'Rohan Malhotra', 'rohan.malhotra350@gmail.com', 'rohan@123', 'student', '2026-01-18 06:56:26');

--
-- Indexes for dumped tables
--

--
-- Indexes for table `attendance`
--
ALTER TABLE `attendance`
  ADD PRIMARY KEY (`id`),
  ADD KEY `fk_att_user` (`user_id`);

--
-- Indexes for table `fees`
--
ALTER TABLE `fees`
  ADD PRIMARY KEY (`id`),
  ADD KEY `fk_fee_user` (`user_id`);

--
-- Indexes for table `grades`
--
ALTER TABLE `grades`
  ADD PRIMARY KEY (`id`),
  ADD KEY `fk_grade_user` (`user_id`);

--
-- Indexes for table `notices`
--
ALTER TABLE `notices`
  ADD PRIMARY KEY (`id`);

--
-- Indexes for table `notifications`
--
ALTER TABLE `notifications`
  ADD PRIMARY KEY (`id`);

--
-- Indexes for table `resources`
--
ALTER TABLE `resources`
  ADD PRIMARY KEY (`id`);

--
-- Indexes for table `student_details`
--
ALTER TABLE `student_details`
  ADD PRIMARY KEY (`id`),
  ADD UNIQUE KEY `roll_number` (`roll_number`),
  ADD KEY `fk_stu_user` (`user_id`);

--
-- Indexes for table `users`
--
ALTER TABLE `users`
  ADD PRIMARY KEY (`id`),
  ADD UNIQUE KEY `email` (`email`);

--
-- AUTO_INCREMENT for dumped tables
--

--
-- AUTO_INCREMENT for table `attendance`
--
ALTER TABLE `attendance`
  MODIFY `id` int(11) NOT NULL AUTO_INCREMENT, AUTO_INCREMENT=655;

--
-- AUTO_INCREMENT for table `fees`
--
ALTER TABLE `fees`
  MODIFY `id` int(11) NOT NULL AUTO_INCREMENT, AUTO_INCREMENT=328;

--
-- AUTO_INCREMENT for table `grades`
--
ALTER TABLE `grades`
  MODIFY `id` int(11) NOT NULL AUTO_INCREMENT, AUTO_INCREMENT=982;

--
-- AUTO_INCREMENT for table `notices`
--
ALTER TABLE `notices`
  MODIFY `id` int(11) NOT NULL AUTO_INCREMENT, AUTO_INCREMENT=13;

--
-- AUTO_INCREMENT for table `notifications`
--
ALTER TABLE `notifications`
  MODIFY `id` int(11) NOT NULL AUTO_INCREMENT, AUTO_INCREMENT=151;

--
-- AUTO_INCREMENT for table `resources`
--
ALTER TABLE `resources`
  MODIFY `id` int(11) NOT NULL AUTO_INCREMENT, AUTO_INCREMENT=61;

--
-- AUTO_INCREMENT for table `student_details`
--
ALTER TABLE `student_details`
  MODIFY `id` int(11) NOT NULL AUTO_INCREMENT, AUTO_INCREMENT=328;

--
-- AUTO_INCREMENT for table `users`
--
ALTER TABLE `users`
  MODIFY `id` int(11) NOT NULL AUTO_INCREMENT, AUTO_INCREMENT=352;

--
-- Constraints for dumped tables
--

--
-- Constraints for table `attendance`
--
ALTER TABLE `attendance`
  ADD CONSTRAINT `fk_att_user` FOREIGN KEY (`user_id`) REFERENCES `users` (`id`) ON DELETE CASCADE;

--
-- Constraints for table `fees`
--
ALTER TABLE `fees`
  ADD CONSTRAINT `fk_fee_user` FOREIGN KEY (`user_id`) REFERENCES `users` (`id`) ON DELETE CASCADE;

--
-- Constraints for table `grades`
--
ALTER TABLE `grades`
  ADD CONSTRAINT `fk_grade_user` FOREIGN KEY (`user_id`) REFERENCES `users` (`id`) ON DELETE CASCADE;

--
-- Constraints for table `student_details`
--
ALTER TABLE `student_details`
  ADD CONSTRAINT `fk_stu_user` FOREIGN KEY (`user_id`) REFERENCES `users` (`id`) ON DELETE CASCADE;
COMMIT;

/*!40101 SET CHARACTER_SET_CLIENT=@OLD_CHARACTER_SET_CLIENT */;
/*!40101 SET CHARACTER_SET_RESULTS=@OLD_CHARACTER_SET_RESULTS */;
/*!40101 SET COLLATION_CONNECTION=@OLD_COLLATION_CONNECTION */;
